Order_ID,Order_Date,Customer,Product,Category,Region,Quantity,Unit_Price,Discount,Sales,Profit,,,
ORD0001,4/13/2025,Customer_083,Backpack,Accessories,East,4,1883.52,0.2,6027.26,1207.07,,,
ORD0002,9/15/2025,Customer_088,Keyboard,Accessories,West,5,2291.55,0.1,10311.98,3257.38,,,
ORD0003,1/22/2025,Customer_089,Bookshelf,Furniture,North,2,6088.43,0,12176.85,3155.65,,,
ORD0004,2/20/2025,Customer_055,Printer,Electronics,West,4,13251.76,0.2,42405.63,12801.36,,,
ORD0005,10/1/2025,Customer_004,Mouse,Accessories,North,3,1243.27,0.15,3170.35,728.86,,,
ORD0006,9/21/2025,Customer_047,Smartphone,Electronics,East,2,25746.96,0.05,48919.23,8959.72,,,
ORD0007,2/23/2025,Customer_004,Laptop,Electronics,South,4,57808.98,0,231235.9,54333.23,,,
ORD0008,12/17/2025,Customer_048,Smartphone,Electronics,East,2,27412.84,0.05,52084.4,7014.11,,,
ORD0009,12/4/2025,Customer_053,Keyboard,Accessories,West,4,2123.15,0,8492.58,2057.45,,,
ORD0010,1/15/2025,Customer_045,Printer,Electronics,North,1,14119.55,1,13413.57,3914.28,,,
ORD0011,5/19/2025,Customer_081,Mouse,Accessories,West,1,1127.69,0.1,1014.92,323.65,,,
ORD0012,2/10/2025,Customer_028,Headphones,Electronics,East,3,3201.83,0.1,8644.94,2146.6,,,
ORD0013,8/4/2025,Customer_037,Mouse,Accessories,East,4,1095.25,0.05,4161.97,1072.97,,,
ORD0014,5/11/2025,Customer_001,Keyboard,Accessories,North,3,2148.49,0.1,5800.92,728.93,,,
ORD0015,6/28/2025,Customer_063,Printer,Electronics,West,3,13797.11,0.1,37252.21,11731.32,,,
ORD0016,8/19/2025,Customer_015,Backpack,Accessories,East,1,1803.09,0.05,1712.93,237.22,,,
ORD0017,3/7/2025,Customer_042,Office Chair,Furniture,North,5,8142.58,0,40712.89,11715.37,,,
ORD0018,10/13/2025,Customer_062,Mouse,Accessories,East,5,1272.88,0.15,5409.75,1529.26,,,
ORD0019,10/10/2025,Customer_062,Printer,Electronics,North,4,15139.12,0.05,57528.65,15278.09,,,
ORD0020,5/17/2025,Customer_062,Office Chair,Furniture,North,5,7661.82,0.15,32562.73,7093.81,,,
ORD0021,6/9/2025,Customer_096,Laptop,Electronics,West,3,52185.38,0.05,148728.34,42587.14,,,
ORD0022,10/22/2025,Customer_002,Mouse,Accessories,East,4,1313.23,0.05,4990.27,636.31,,,
ORD0023,5/10/2025,Customer_092,Laptop,Electronics,South,5,49905.76,0.05,237052.34,46957.02,,,
ORD0024,2/22/2025,Customer_044,Backpack,Accessories,South,5,1848.37,0.05,8779.74,1614.23,,,
ORD0025,10/21/2025,Customer_024,Bookshelf,Furniture,North,4,6330.55,0,25322.2,6876.7,,,
ORD0026,4/7/2025,Customer_073,Office Chair,Furniture,West,2,8560.82,0.1,15409.47,4652.77,,,
ORD0027,12/12/2025,Customer_067,Bookshelf,Furniture,East,5,6273.75,0.15,26663.42,7357.82,,,
ORD0028,5/8/2025,Customer_039,Headphones,Electronics,South,4,3272.06,0.1,11779.4,2141.64,,,
ORD0029,10/25/2025,Customer_099,Keyboard,Accessories,East,1,2303.5,0.1,2073.15,576.72,,,
ORD0030,9/11/2025,Customer_012,Printer,Electronics,North,1,13330.32,0.1,11997.29,1448.66,,,
ORD0031,7/27/2025,Customer_003,Desk,Furniture,West,3,11469.29,0,34407.87,6190.95,,,
ORD0032,4/14/2025,Customer_084,Keyboard,Accessories,South,1,2017.02,0.1,1815.32,522.22,,,
ORD0033,12/4/2025,Customer_066,Headphones,Electronics,South,1,3153.54,0.1,2838.19,816.94,,,
ORD0034,10/4/2025,Customer_048,Headphones,Electronics,West,5,3648.53,0.05,17330.5,4723.43,,,
ORD0035,1/22/2025,Customer_030,Keyboard,Accessories,South,3,2230.06,0.1,6021.15,1813.96,,,
ORD0036,10/4/2025,Customer_030,Bookshelf,Furniture,North,5,7027.93,0.05,33382.66,7782.2,,,
ORD0037,7/11/2025,Customer_049,Laptop,Electronics,West,5,54991.13,0.05,261207.85,53704.12,,,
ORD0038,4/9/2025,Customer_037,Laptop,Electronics,West,4,59993.21,0.15,203976.93,27950.37,,,
ORD0039,9/10/2025,Customer_085,Laptop,Electronics,West,5,60283.65,0.1,271276.41,82720.52,,,
ORD0040,8/11/2025,Customer_054,Backpack,Accessories,South,1,1681.02,0.05,1596.97,333.19,,,
ORD0041,6/4/2025,Customer_002,Headphones,Electronics,South,2,3843.04,0.1,6917.47,2019.78,,,
ORD0042,6/19/2025,Customer_026,Laptop,Electronics,East,1,57298.02,0,57298.02,12000.27,,,
0,2/5/2025,Customer_045,Smartphone,Electronics,West,1,25656.93,0.1,23091.23,7365.25,,,
ORD0044,10/15/2025,Customer_087,Laptop,Electronics,East,4,49803.78,0.15,169332.87,34582.35,,,
ORD0045,11/10/2025,Customer_058,Bookshelf,Furniture,South,3,6555.44,0.05,18683,4907.87,,,
ORD0046,4/11/2025,Customer_097,Laptop,Electronics,West,4,52835.92,0,211343.68,44928.18,,,
ORD0047,12/31/2025,Customer_096,Desk,Furniture,West,4,12294.94,0.05,46720.76,14153.14,,,
ORD0048,5/27/2025,Customer_017,Headphones,Electronics,West,4,3828.68,0,15314.7,2711.94,,,
ORD0049,11/14/2025,Customer_023,Headphones,Electronics,East,4,3325.6,0.1,11972.17,3389.72,,,
ORD0050,10/17/2025,Customer_096,Mouse,Accessories,South,4,1121.59,0.05,4262.04,1230.51,,,
ORD0051,7/11/2025,Customer_063,Bookshelf,Furniture,North,1,6213.91,0.1,5592.52,721.59,,,
ORD0052,3/27/2025,Customer_057,Bookshelf,Furniture,North,5,6172.05,0.05,29317.24,7294.29,,0,
ORD0053,8/6/2025,Customer_090,Desk,Furniture,West,1,13150.83,0.05,12493.28,3559.76,,,
ORD0054,1/10/2025,Customer_069,Desk,Furniture,West,4,11841.24,0,47364.98,11381.76,,,
ORD0055,9/14/2025,Customer_069,Smartphone,Electronics,North,4,28704.82,0.05,109078.3,23928.81,,,
ORD0056,6/1/2025,Customer_012,Office Chair,Furniture,South,2,8645.82,0,17291.64,2281.7,,,
ORD0057,9/25/2025,Customer_067,Headphones,Electronics,North,4,3717.84,0,14871.37,2318.03,,,
ORD0058,10/29/2025,Customer_002,Laptop,Electronics,North,2,52513.57,0.05,99775.79,27646.09,,,
ORD0059,3/31/2025,Customer_034,Headphones,Electronics,East,2,3199.83,0.1,5759.7,1475.66,,,
ORD0060,8/5/2025,Customer_021,Mouse,Accessories,North,4,1163.6,0.1,4188.96,555.75,,,
ORD0061,6/26/2025,Customer_099,Mouse,Accessories,West,4,1260.15,0,5040.59,799.6,,,
ORD0062,8/12/2025,Customer_037,Office Chair,Furniture,West,2,8636.92,0.05,16410.16,2405.35,,,
ORD0063,3/3/2025,Customer_084,Laptop,Electronics,West,5,52120.6,0.1,234542.69,57334.95,,,
ORD0064,8/21/2025,Customer_019,Mouse,Accessories,West,5,1173.41,0.15,4986.99,1585.03,,,
ORD0065,5/24/2025,Customer_069,Mouse,Accessories,East,4,1308.15,0.2,4186.07,859.45,,,
ORD0066,2/26/2025,Customer_039,Mouse,Accessories,North,4,1260.57,0.1,4538.05,733.73,,,
ORD0067,6/12/2025,Customer_087,Desk,Furniture,North,2,13190.23,0.2,21104.38,6517.58,,,
ORD0068,8/18/2025,Customer_007,Smartphone,Electronics,South,4,29887,0.1,107593.19,15775.99,,,
ORD0069,1/29/2025,Customer_037,Keyboard,Accessories,South,2,2372.43,0.05,4507.63,1310.27,,,
ORD0070,8/5/2025,Customer_045,Headphones,Electronics,West,5,3718.96,0.05,17665.06,2306.18,,,
ORD0071,4/1/2025,Customer_074,Office Chair,Furniture,South,4,8971.15,0,35884.6,7475.45,,,
ORD0072,5/28/2025,Customer_092,Headphones,Electronics,West,3,3433.64,0.05,9785.88,2013.01,,,
ORD0073,11/8/2025,Customer_033,Mouse,Accessories,South,1,1137,0.1,1023.3,245.55,,,
ORD0074,5/29/2025,Customer_080,Desk,Furniture,South,2,13127.71,0,26255.42,8175.1,,,
ORD0075,2/16/2025,Customer_049,Desk,Furniture,South,3,11407.18,0.15,29088.3,5262.59,,,
ORD0076,1/12/2025,Customer_074,Laptop,Electronics,West,5,53726.22,0.1,241767.99,41724.29,,,
ORD0077,6/13/2025,Customer_090,Keyboard,Accessories,West,4,2127.69,0,8510.76,2434.62,,,
ORD0078,7/11/2025,Customer_027,Printer,Electronics,South,4,12817.66,0.1,46143.57,5773.53,,,
ORD0079,2/15/2025,Customer_035,Laptop,Electronics,North,1,58451.75,0.05,55529.16,10164.82,,,
ORD0080,1/10/2025,Customer_056,Bookshelf,Furniture,South,2,6605.51,0.05,12550.47,1708.93,,,
ORD0081,3/6/2025,Customer_018,Smartphone,Electronics,West,3,25347.66,0,76042.97,18608.27,,,
ORD0082,10/10/2025,Customer_049,Laptop,Electronics,North,3,53689.8,0.1,144962.46,18267.75,,,
ORD0083,11/7/2025,Customer_006,Laptop,Electronics,West,2,50972.37,0,101944.75,32343.56,,,
ORD0084,2/22/2025,Customer_037,Laptop,Electronics,South,5,60463.01,0.2,241852.02,50526.19,,,
ORD0085,2/20/2025,Customer_045,Printer,Electronics,North,3,13861.52,0.05,39505.34,11621.21,,,
ORD0086,3/13/2025,Customer_039,Office Chair,Furniture,South,1,8700.82,0.1,7830.74,1944.9,,,
ORD0087,2/23/2025,Customer_005,Printer,Electronics,South,2,14927.84,0.05,28362.9,7330.24,,,
ORD0088,12/7/2025,Customer_014,Mouse,Accessories,South,1,1086.91,0,1086.91,183.66,,,
ORD0089,12/1/2025,Customer_091,Headphones,Electronics,East,4,3575.66,0.2,11442.12,2204.57,,,
ORD0090,1/30/2025,Customer_051,Smartphone,Electronics,North,4,27725.1,0.1,99810.35,13764.42,,,
ORD0091,12/6/2025,Customer_088,Desk,Furniture,North,5,13023.81,0,65119.05,14428.87,,,
ORD0092,4/21/2025,Customer_023,Smartphone,Electronics,East,5,26371.13,0.05,125262.88,25562.4,,,
ORD0093,7/14/2025,Customer_027,Bookshelf,Furniture,North,4,6299.37,0,25197.47,3543.83,,,
ORD0094,4/2/2025,Customer_042,Smartphone,Electronics,North,5,25428.86,0,127144.32,36390.36,,,
ORD0095,2/15/2025,Customer_034,Bookshelf,Furniture,unknown,5,6544.75,0.1,29451.38,7327.55,,,
ORD0096,8/2/2025,Customer_056,Printer,Electronics,South,5,12858.41,0.05,61077.46,13667.36,,,
ORD0097,6/29/2025,Customer_079,Laptop,Electronics,unknown,2,50429.69,0.15,85730.47,17192.76,,,
ORD0098,6/3/2025,Customer_014,Keyboard,Accessories,East,2,2213.76,0.1,3984.76,700.91,,,
ORD0099,8/27/2025,Customer_018,Keyboard,Accessories,South,3,2373.89,0.1,6409.51,1395.12,,,
ORD0100,1/28/2025,Customer_074,Bookshelf,Furniture,East,3,5986.33,0.05,17061.04,2943.35,,,
ORD0101,5/25/2025,Customer_013,Mouse,Accessories,West,1,1158.6,0.05,1100.67,325.85,,,
ORD0102,8/16/2025,Customer_086,Mouse,Accessories,South,4,1235.72,0.05,4695.73,1052.24,,,
ORD0103,6/29/2025,Customer_026,Keyboard,Accessories,West,1,2146.66,0.1,1931.99,487.85,,,
ORD0104,10/16/2025,Customer_053,Smartphone,Electronics,South,3,30724.49,0.05,87564.78,17411.82,,,
ORD0105,6/1/2025,Customer_055,Desk,Furniture,North,4,11010.93,0.15,37437.16,5946.03,,,
ORD0106,8/11/2025,Customer_006,Backpack,Accessories,South,3,1767.74,0.1,4772.91,589.57,,,
ORD0107,4/4/2025,Customer_051,Office Chair,Furniture,South,4,7659.01,0.15,26040.63,3254.73,,,
ORD0108,10/27/2025,Customer_005,Mouse,Accessories,South,2,1217.19,0.1,2190.94,578.42,,,
ORD0109,2/16/2025,Customer_001,Printer,Electronics,South,4,14021.31,0.05,53280.97,14466.75,,,
ORD0110,9/16/2025,Customer_033,Bookshelf,Furniture,South,5,7061.62,0.1,31777.28,8130.9,,,
ORD0111,6/17/2025,Customer_002,Smartphone,Electronics,West,2,28273.96,0.1,50893.13,14232.46,,,
ORD0112,2/7/2025,Customer_035,Laptop,Electronics,South,5,50783.66,0,253918.28,57224.74,,,
ORD0113,5/17/2025,Customer_034,Laptop,Electronics,West,5,60115.3,0.15,255490.01,75405.46,,,
ORD0114,12/15/2025,Customer_072,Headphones,Electronics,East,3,3655.12,0.15,9320.55,2892.92,,,
ORD0115,1/5/2025,Customer_083,Mouse,Accessories,East,5,1119.28,0.05,5316.57,1526.64,,,
ORD0116,11/24/2025,Customer_039,Printer,Electronics,West,4,14247.26,0.05,54139.58,9929.39,,,
ORD0117,6/2/2025,Customer_017,Headphones,Electronics,North,5,3673.33,0.05,17448.3,3829.13,,,
ORD0118,7/17/2025,Customer_006,Backpack,Accessories,East,2,1946.33,0.1,3503.39,683.7,,,
ORD0119,6/6/2025,Customer_033,Backpack,Accessories,West,3,1670.14,0.05,4759.89,767.27,,,
ORD0120,10/16/2025,Customer_068,Backpack,Accessories,South,3,1674.6,0.1,4521.43,1164.97,,,
ORD0121,6/8/2025,Customer_047,Smartphone,Electronics,West,2,29425.96,0.05,55909.32,16740.19,,,
ORD0122,2/16/2025,Customer_068,Keyboard,Accessories,West,4,2330.81,0.05,8857.08,2568.7,,,
ORD0123,10/26/2025,Customer_027,Smartphone,Electronics,North,3,29086.11,0.1,78532.5,16606.1,,,
ORD0124,1/23/2025,Customer_047,Office Chair,Furniture,South,3,8232.29,0.2,19757.5,5424.02,,,
ORD0125,4/14/2025,Customer_060,Printer,Electronics,East,5,12882.22,0,64411.12,17313.51,,,
ORD0126,4/2/2025,Customer_031,Office Chair,Furniture,South,4,7689.14,0.1,27680.9,5251.8,,,
ORD0127,9/14/2025,Customer_046,Mouse,Accessories,North,3,1304.25,0.1,3521.47,475,,,
ORD0128,11/15/2025,Customer_054,Desk,Furniture,East,2,11099.19,0.15,18868.62,2562.96,,,
ORD0129,11/9/2025,Customer_026,Headphones,Electronics,North,5,3670.97,0.05,17437.13,4862.94,,,
ORD0130,7/29/2025,Customer_091,Headphones,Electronics,South,4,3793.9,0.1,13658.04,3424.49,,,
ORD0131,1/25/2025,Customer_071,Laptop,Electronics,West,3,59540.24,0,178620.73,48290.96,,,
ORD0132,5/30/2025,Customer_026,Bookshelf,Furniture,West,5,6321.11,0.15,26864.73,5477.24,,,
ORD0133,5/28/2025,Customer_086,Smartphone,Electronics,West,5,30663.03,0.1,137983.64,31488.17,,,
ORD0134,7/30/2025,Customer_062,Keyboard,Accessories,West,1,2116.37,0.05,2010.55,483.61,,,
ORD0135,9/14/2025,Customer_078,Laptop,Electronics,East,5,58702.21,0.05,278835.51,56466.78,,,
ORD0136,11/15/2025,Customer_004,Smartphone,Electronics,North,2,27894.09,0.1,50209.37,11076.07,,,
ORD0137,6/11/2025,Customer_097,Keyboard,Accessories,East,5,2311.43,0,11557.14,3068.88,,,
ORD0138,11/9/2025,Customer_067,Backpack,Accessories,West,4,1932.12,0.15,6569.2,1566.12,,,
ORD0139,8/17/2025,Customer_067,Backpack,Accessories,East,3,1834.22,0.1,4952.39,1248.72,,,
ORD0140,3/19/2025,Customer_032,Laptop,Electronics,West,4,50593.86,0.05,192256.65,52171.83,,,
ORD0141,1/7/2025,Customer_074,Office Chair,Furniture,East,4,7998.47,0.1,28794.5,7526.03,,,
ORD0142,7/7/2025,Customer_082,Laptop,Electronics,South,5,51495.79,0,257478.95,52369.08,,,
ORD0143,4/29/2025,Customer_012,Laptop,Electronics,West,5,52353.66,0.05,248679.87,60693.19,,,
ORD0144,12/21/2025,Customer_086,Desk,Furniture,West,5,12124.91,0.05,57593.34,13406.27,,,
ORD0145,5/8/2025,Customer_096,Keyboard,Accessories,North,1,2194.47,0.15,1865.3,263.17,,,
ORD0146,10/8/2025,Customer_073,Smartphone,Electronics,South,3,29353.45,0.1,79254.31,14284.07,,,
ORD0147,4/8/2025,Customer_087,Bookshelf,Furniture,North,3,6021.96,0.05,17162.58,2400.8,,,
ORD0148,2/3/2025,Customer_017,Bookshelf,Furniture,North,2,6909.57,0.1,12437.23,2740.94,,,
ORD0149,1/27/2025,Customer_057,Mouse,Accessories,East,2,1105.58,0.1,1990.04,581.08,,,
ORD0150,6/22/2025,Customer_017,Bookshelf,Furniture,South,3,6630.67,0.1,17902.81,3347.69,,,
ORD0151,11/6/2025,Customer_065,Desk,Furniture,East,4,11812.89,0.1,42526.39,10598.67,,,
ORD0152,1/11/2025,Customer_036,Desk,Furniture,North,4,10963.8,0.1,39469.68,6022.45,,,
ORD0153,3/10/2025,Customer_056,Backpack,Accessories,North,3,1762.79,0.15,4495.12,580.69,,,
ORD0154,12/3/2025,Customer_062,Printer,Electronics,East,4,13053.64,0.1,46993.1,7128.57,,,
ORD0155,1/17/2025,Customer_001,Smartphone,Electronics,North,1,25796.95,0.1,23217.26,7080.62,,,
ORD0156,4/18/2025,Customer_044,Keyboard,Accessories,East,2,2013.41,0.05,3825.48,1164.66,,,
ORD0157,11/1/2025,Customer_061,Bookshelf,Furniture,North,2,6258.98,0,12517.95,1984.27,,,
ORD0158,8/4/2025,Customer_083,Printer,Electronics,West,1,13118.37,0.05,12462.45,2637.3,,,
ORD0159,1/25/2025,Customer_082,Desk,Furniture,North,1,12461.46,0.1,11215.32,1684.1,,,
ORD0160,7/18/2025,Customer_017,Printer,Electronics,East,1,12710.4,0.15,10803.84,1932.64,,,
ORD0161,1/7/2025,Customer_009,Printer,Electronics,East,5,13475.99,0.05,64010.97,18940.56,,,
ORD0162,4/13/2025,Customer_017,Keyboard,Accessories,South,2,2329.95,0.05,4426.91,756.94,,,
ORD0163,6/20/2025,Customer_040,Keyboard,Accessories,South,3,2191.67,0.1,5917.5,846.2,,,
ORD0164,7/29/2025,Customer_033,Backpack,Accessories,West,4,1909.43,0.1,6873.95,1459.48,,,
ORD0165,9/8/2025,Customer_013,Printer,Electronics,North,4,12668.32,0.05,48139.62,7027.43,,,
ORD0166,11/14/2025,Customer_057,Smartphone,Electronics,West,3,25253.12,0,75759.36,23444.74,,,
ORD0167,12/25/2025,Customer_084,Keyboard,Accessories,North,4,2318.04,0.2,7417.73,1753.9,,,
ORD0168,11/20/2025,Customer_018,Laptop,Electronics,South,1,53400.84,0,53400.84,14020.51,,,
ORD0169,11/1/2025,Customer_088,Desk,Furniture,West,1,12984.81,0.05,12335.57,3836.11,,,
ORD0170,11/15/2025,Customer_046,Printer,Electronics,West,5,12850.35,0.1,57826.58,13675.05,,,
ORD0171,12/15/2025,Customer_063,Smartphone,Electronics,South,1,25563.92,0.1,23007.53,5514.54,,,
ORD0172,8/6/2025,Customer_041,Desk,Furniture,North,3,11353.61,0.1,30654.74,8727.23,,,
ORD0173,8/3/2025,Customer_049,Printer,Electronics,North,3,14842.16,0.15,37847.5,7344.1,,,
ORD0174,6/27/2025,Customer_082,Headphones,Electronics,South,4,3271.73,0.2,10469.53,2520.55,,,
ORD0175,3/30/2025,Customer_073,Laptop,Electronics,West,3,51968.85,0.15,132520.56,36474.49,,,
ORD0176,1/29/2025,Customer_009,Desk,Furniture,East,2,11738.81,0.05,22303.73,5919.59,,,
ORD0177,9/18/2025,Customer_011,Mouse,Accessories,East,2,1274.28,0.15,2166.28,409.32,,,
ORD0178,3/31/2025,Customer_018,Smartphone,Electronics,South,4,26654.62,0.05,101287.56,17757.33,,,
ORD0179,4/24/2025,Customer_040,Desk,Furniture,North,4,12946.75,0,51787.01,6302.73,,,
ORD0180,8/25/2025,Customer_033,Headphones,Electronics,South,2,3613.48,0.1,6504.26,1373.99,,,
ORD0181,10/31/2025,Customer_041,Keyboard,Accessories,North,3,2087.93,0.15,5324.21,1536.2,,,
ORD0182,1/7/2025,Customer_005,Mouse,Accessories,East,5,1228.47,0.1,5528.1,936.77,,,
ORD0183,12/29/2025,Customer_053,Printer,Electronics,South,1,14912.29,0,14912.29,4387.58,,,
ORD0184,10/22/2025,Customer_066,Backpack,Accessories,West,2,1919.57,0.15,3263.27,713.04,,,
ORD0185,12/10/2025,Customer_035,Laptop,Electronics,West,1,52357.84,0.1,47122.06,9103.93,,,
ORD0186,11/15/2025,Customer_028,Bookshelf,Furniture,West,3,6553.65,0.1,17694.85,2254.35,,,
ORD0187,11/20/2025,Customer_091,Desk,Furniture,West,5,11217.01,0.1,50476.54,8370.48,,,
ORD0188,4/30/2025,Customer_082,Laptop,Electronics,South,4,55903.88,0,223615.5,56088,,,
ORD0189,2/2/2025,Customer_006,Office Chair,Furniture,East,3,8939.05,0,26817.14,8449.62,,,
ORD0190,10/12/2025,Customer_004,Headphones,Electronics,North,3,3462.13,0.1,9347.76,2479.72,,,
ORD0191,3/16/2025,Customer_032,Headphones,Electronics,South,5,3518.92,0.15,14955.4,2315.33,,,
ORD0192,4/2/2025,Customer_093,Office Chair,Furniture,North,3,9266.47,0.05,26409.43,7653.15,,,
ORD0193,9/14/2025,Customer_058,Desk,Furniture,West,3,12624.23,0.2,30298.14,7015.24,,,
ORD0194,1/12/2025,Customer_018,Bookshelf,Furniture,East,2,5890.47,0.05,11191.9,2122.73,,,
ORD0195,3/20/2025,Customer_027,Keyboard,Accessories,South,4,2362.19,0,9448.78,1556.03,,,
ORD0196,1/24/2025,Customer_060,Smartphone,Electronics,South,4,29662.07,0,118648.27,30986.94,,,
ORD0197,9/30/2025,Customer_084,Headphones,Electronics,West,4,3487.07,0.1,12553.44,3722.58,,,
ORD0198,12/10/2025,Customer_072,Mouse,Accessories,East,1,1236.36,0,1236.36,315.04,,,
ORD0199,4/5/2025,Customer_038,Laptop,Electronics,West,5,53817.43,0,269087.15,60278.81,,,
ORD0200,6/28/2025,Customer_088,Mouse,Accessories,North,1,1297.88,0.2,1038.3,181.85,,,
ORD0201,3/27/2025,Customer_092,Laptop,Electronics,West,4,51067.45,0.2,163415.84,35987.82,,,
ORD0202,8/13/2025,Customer_033,Laptop,Electronics,North,2,59853.61,0.1,107736.5,32915.31,,,
ORD0203,12/25/2025,Customer_090,Laptop,Electronics,South,5,53866.16,0,269330.78,79036.96,,,
ORD0204,12/26/2025,Customer_075,Printer,Electronics,North,2,12715.31,0.15,21616.03,4018.92,,,
ORD0205,2/10/2025,Customer_076,Headphones,Electronics,West,3,3805.35,0,11416.05,3534.47,,,
ORD0206,1/7/2025,Customer_075,Keyboard,Accessories,West,2,2324.71,0.1,4184.47,826.64,,,
ORD0207,7/7/2025,Customer_014,Office Chair,Furniture,East,2,8467.54,0.1,15241.57,4753.07,,,
ORD0208,5/2/2025,Customer_019,Smartphone,Electronics,East,4,26093.45,0.05,99155.11,14441.28,,,
ORD0209,11/3/2025,Customer_044,Office Chair,Furniture,South,5,8992.49,0,44962.44,8464.56,,,
ORD0210,2/28/2025,Customer_003,Bookshelf,Furniture,West,2,6282.01,0.1,11307.62,2391.61,,,
ORD0211,12/19/2025,Customer_007,Printer,Electronics,West,3,12802.16,0.1,34565.82,10849.16,,,
ORD0212,1/4/2025,Customer_092,Laptop,Electronics,West,5,57669.77,0.1,259513.97,60960.18,,,
ORD0213,9/7/2025,Customer_098,Office Chair,Furniture,West,4,9123.95,0,36495.81,7454.81,,,
ORD0214,8/31/2025,Customer_058,Office Chair,Furniture,South,2,8998.03,0.1,16196.45,3061.1,,,
ORD0215,10/9/2025,Customer_008,Headphones,Electronics,West,5,3735.2,0.05,17742.19,4840.81,,,
ORD0216,11/21/2025,Customer_038,Backpack,Accessories,North,2,1969.7,0.05,3742.43,1062.12,,,
ORD0217,3/25/2025,Customer_002,Mouse,Accessories,East,4,1222.3,0.05,4644.74,948.07,,,
ORD0218,8/17/2025,Customer_005,Bookshelf,Furniture,East,1,7110.24,0.05,6754.72,1812.79,,,
ORD0219,1/10/2025,Customer_067,Laptop,Electronics,South,4,60168.03,0,240672.13,55172.18,,,
ORD0220,10/3/2025,Customer_008,Printer,Electronics,East,5,14920.87,0.05,70874.15,16571.97,,,
ORD0221,6/24/2025,Customer_076,Laptop,Electronics,North,1,51343.81,0,51343.81,16053.45,,,
ORD0222,4/18/2025,Customer_061,Laptop,Electronics,West,1,54410.06,0.1,48969.05,7206.13,,,
ORD0223,1/1/2025,Customer_035,Smartphone,Electronics,South,2,26494.33,0,52988.67,16408.5,,,
ORD0224,1/12/2025,Customer_020,Desk,Furniture,North,5,11047.94,0,55239.71,11217.3,,,
ORD0225,7/4/2025,Customer_039,Smartphone,Electronics,East,3,30530.15,0,91590.44,17601.49,,,
ORD0226,5/6/2025,Customer_045,Keyboard,Accessories,West,3,2273.42,0.05,6479.25,1892.39,,,
ORD0227,9/21/2025,Customer_029,Smartphone,Electronics,West,2,26109.34,0.1,46996.81,13268.62,,,
ORD0228,4/29/2025,Customer_090,Bookshelf,Furniture,East,5,6181.9,0.2,24727.59,4640.71,,,
ORD0229,3/17/2025,Customer_091,Printer,Electronics,West,2,14926.46,0.05,28360.27,4171.18,,,
ORD0230,2/22/2025,Customer_048,Mouse,Accessories,North,4,1131.76,0.1,4074.34,766.88,,,
ORD0231,3/4/2025,Customer_073,Mouse,Accessories,North,2,1118.23,0.05,2124.64,422.82,,,
ORD0232,11/20/2025,Customer_098,Mouse,Accessories,North,1,1267.77,0.15,1077.61,222.63,,,
ORD0233,10/6/2025,Customer_083,Bookshelf,Furniture,North,4,6900.2,0.1,24840.72,4161.89,,,
ORD0234,5/23/2025,Customer_021,Laptop,Electronics,East,1,56432.3,0.05,53610.68,10616.72,,,
ORD0235,9/24/2025,Customer_099,Mouse,Accessories,West,1,1169.58,0.05,1111.1,305.05,,,
ORD0236,10/31/2025,Customer_066,Printer,Electronics,South,2,13663.4,0.05,25960.46,3824.84,,,
ORD0237,10/20/2025,Customer_079,Desk,Furniture,West,5,11712.47,0.05,55634.23,13365.31,,,
ORD0238,1/21/2025,Customer_023,Office Chair,Furniture,East,3,9032.08,0.1,24386.6,4301.2,,,
ORD0239,9/28/2025,Customer_068,Backpack,Accessories,North,5,1707.65,0.15,7257.53,976.81,,,
ORD0240,2/21/2025,Customer_027,Bookshelf,Furniture,North,3,6481.63,0,19444.9,5223.77,,,
ORD0241,5/12/2025,Customer_090,Headphones,Electronics,North,2,3651.31,0.1,6572.35,1744.8,,,
ORD0242,11/8/2025,Customer_042,Backpack,Accessories,North,4,1809.06,0,7236.24,1289.43,,,
ORD0243,6/21/2025,Customer_045,Printer,Electronics,South,4,12843.71,0.05,48806.09,7655.25,,,
ORD0244,1/10/2025,Customer_088,Backpack,Accessories,South,5,1702.11,0.15,7233.96,2008.08,,,
ORD0245,12/13/2025,Customer_037,Mouse,Accessories,West,5,1264.79,0.15,5375.34,1121.69,,,
ORD0246,6/13/2025,Customer_074,Smartphone,Electronics,North,3,28959.98,0.15,73847.94,11674.92,,,
ORD0247,6/10/2025,Customer_021,Backpack,Accessories,North,2,1704.68,0,3409.37,498.27,,,
ORD0248,5/18/2025,Customer_073,Bookshelf,Furniture,South,5,6639.22,0.1,29876.5,6293.8,,,
ORD0249,11/19/2025,Customer_042,Mouse,Accessories,South,1,1112.75,0.2,890.2,161.1,,,
ORD0250,1/19/2025,Customer_068,Backpack,Accessories,South,1,1976.85,0.1,1779.17,523.65,,,
ORD0251,8/17/2025,Customer_097,Bookshelf,Furniture,West,2,6854.41,0.15,11652.5,3111.46,,,
ORD0252,7/15/2025,Customer_013,Headphones,Electronics,North,1,3308.66,0.05,3143.23,782.67,,,
ORD0253,8/18/2025,Customer_072,Smartphone,Electronics,South,4,26508.79,0.15,90129.88,19107.32,,,
ORD0254,8/3/2025,Customer_044,Headphones,Electronics,South,4,3383.1,0,12855.79,2392.5,,,
ORD0255,5/30/2025,Customer_044,Bookshelf,Furniture,South,1,6430.26,0.2,5144.21,1302.96,,,
ORD0256,7/27/2025,Customer_062,Office Chair,Furniture,South,5,8823.01,0,44115.04,12343.97,,,
ORD0257,5/24/2025,Customer_030,Mouse,Accessories,North,4,1239.58,0.05,4710.4,757.95,,,
ORD0258,9/5/2025,Customer_065,Backpack,Accessories,North,4,1627.21,0.2,5207.07,898.55,,,
ORD0259,6/10/2025,Customer_016,Desk,Furniture,West,4,11013.9,0.1,39650.04,6698.71,,,
ORD0260,4/24/2025,Customer_066,Bookshelf,Furniture,North,4,5897.01,0.1,21229.23,5506.32,,,
ORD0261,6/29/2025,Customer_062,Desk,Furniture,East,2,12129.13,0.15,20619.51,5338.29,,,
ORD0262,5/23/2025,Customer_086,Printer,Electronics,West,4,13052.94,0.15,44380,7222.61,,,
ORD0263,3/23/2025,Customer_045,Desk,Furniture,East,4,13033.43,0.05,49527.03,14695.99,,,
ORD0264,1/14/2025,Customer_073,Keyboard,Accessories,East,2,2334.61,0.15,3968.83,642.93,,,
ORD0265,10/3/2025,Customer_082,Desk,Furniture,West,3,12467.88,0,37403.65,9380.09,,,
ORD0266,4/5/2025,Customer_014,Printer,Electronics,North,1,13942.19,0.1,12547.97,3228.02,,,
ORD0267,5/21/2025,Customer_098,Bookshelf,Furniture,West,5,7088.64,0.05,33671.02,5217.66,,,
ORD0268,1/12/2025,Customer_032,Desk,Furniture,West,2,11358.12,0.1,20444.62,6215.31,,,
ORD0269,2/12/2025,Customer_002,Office Chair,Furniture,West,2,9097.46,0.05,17285.18,5530.11,,,
ORD0270,12/11/2025,Customer_002,Backpack,Accessories,South,3,1823.2,0.05,5196.12,1463.45,,,
ORD0271,4/9/2025,Customer_021,Smartphone,Electronics,North,5,26865.19,0.1,120893.35,28280.89,,,
ORD0272,4/11/2025,Customer_052,Headphones,Electronics,North,4,3593.23,0.1,12935.64,3547.22,,,
ORD0273,4/26/2025,Customer_063,Office Chair,Furniture,South,4,8374.34,0.1,30147.63,8859.12,,,
ORD0274,3/27/2025,Customer_005,Headphones,Electronics,South,3,3729.28,0.05,10628.44,1841.67,,,
ORD0275,5/29/2025,Customer_010,Backpack,Accessories,East,2,1770.69,0,3541.38,573.46,,,
ORD0276,8/1/2025,Customer_053,Printer,Electronics,South,5,12633.94,0.05,60011.21,16308.63,,,
ORD0277,7/10/2025,Customer_021,Desk,Furniture,West,5,11691.38,0,58456.9,15598.04,,,
ORD0278,9/9/2025,Customer_082,Backpack,Accessories,West,5,1674.02,0.05,7951.58,2028.17,,,
ORD0279,2/11/2025,Customer_013,Headphones,Electronics,North,1,3751.7,0.1,3376.53,815.5,,,
ORD0280,2/17/2025,Customer_029,Mouse,Accessories,North,1,1306.28,0.1,1175.65,186.02,,,
ORD0281,7/22/2025,Customer_034,Printer,Electronics,West,2,15124.93,0,30249.87,6888.03,,,
ORD0282,3/10/2025,Customer_032,Bookshelf,Furniture,West,1,5936.65,0.1,5342.98,1155.79,,,
ORD0283,4/19/2025,Customer_051,Laptop,Electronics,West,5,49918.24,0,249591.2,42619.83,,,
ORD0284,8/16/2025,Customer_011,Headphones,Electronics,West,1,3666.26,0.2,2933,731.34,,,
ORD0285,12/16/2025,Customer_096,Headphones,Electronics,West,3,3271.88,0,9815.63,2947.84,,,
ORD0286,11/25/2025,Customer_066,Printer,Electronics,East,4,14790.96,0.15,50289.26,13800.96,,,
ORD0287,6/18/2025,Customer_089,Smartphone,Electronics,South,3,28644.07,0,85932.22,14185.11,,,
ORD0288,9/15/2025,Customer_013,Backpack,Accessories,North,2,1665.08,0.05,3163.66,712.24,,,
ORD0289,6/2/2025,Customer_059,Smartphone,Electronics,South,3,25820.52,0,77461.57,15515.06,,,
ORD0290,6/21/2025,Customer_032,Printer,Electronics,East,1,13366.62,0,13366.62,1795.62,,,
ORD0291,9/25/2025,Customer_047,Laptop,Electronics,unknown,5,58475.42,0.05,277758.23,41032.11,,,
ORD0292,8/26/2025,Customer_007,Desk,Furniture,East,5,13148.15,0.05,62453.73,10639.72,,,
ORD0293,9/15/2025,Customer_029,Bookshelf,Furniture,North,3,6551.42,0.05,18671.56,3256.52,,,
ORD0294,2/13/2025,Customer_077,Office Chair,Furniture,South,3,8480.27,0.2,20352.65,5899.52,,,
ORD0295,1/23/2025,Customer_029,Desk,Furniture,South,5,12268.66,0.1,55208.96,16497.2,,,
ORD0296,12/28/2025,Customer_058,Backpack,Accessories,West,4,1894,0.1,6818.41,1963.61,,,
ORD0297,8/12/2025,Customer_064,Keyboard,Accessories,South,1,2367.84,0.1,2131.05,563.49,,,
ORD0298,8/7/2025,Customer_027,Smartphone,Electronics,South,3,29357.15,0.05,83667.87,13133.88,,,
ORD0299,11/10/2025,Customer_054,Mouse,Accessories,West,5,1205.8,0.1,5426.09,816.03,,,
ORD0300,8/31/2025,Customer_095,Laptop,Electronics,East,1,53547.35,0.2,42837.88,10907.11,,,
ORD0301,1/20/2025,Customer_010,Bookshelf,Furniture,West,3,6328.8,0.2,15189.13,3497.72,,,
ORD0302,12/25/2025,Customer_021,Bookshelf,Furniture,South,3,6711.95,0,20135.86,6435.91,,,
ORD0303,3/12/2025,Customer_004,Bookshelf,Furniture,North,4,6353.98,0,25415.9,6087.99,,,
ORD0304,9/11/2025,Customer_024,Headphones,Electronics,South,5,3543.04,0.1,15943.68,3314.18,,,
ORD0305,7/30/2025,Customer_022,Smartphone,Electronics,West,3,29820.28,0.05,84987.79,18726.96,,,
ORD0306,8/16/2025,Customer_094,Printer,Electronics,East,5,14048.35,0.1,63217.59,14663.96,,,
ORD0307,9/8/2025,Customer_047,Laptop,Electronics,East,1,51926.73,0,51926.73,10403.78,,,
ORD0308,5/28/2025,Customer_047,Mouse,Accessories,East,4,1121.64,0.05,4262.21,820.43,,,
ORD0309,3/2/2025,Customer_010,Bookshelf,Furniture,South,4,6593.43,0.05,25055.05,5072.3,,,
ORD0310,7/17/2025,Customer_081,Headphones,Electronics,East,5,3560.07,0.1,16020.3,3247.38,,,
ORD0311,3/10/2025,Customer_093,Headphones,Electronics,West,5,3746.91,0,18734.55,5149.97,,,
ORD0312,3/11/2025,Customer_090,Desk,Furniture,West,4,11899.65,0.15,40458.8,9038.75,,,
ORD0313,10/24/2025,Customer_054,Backpack,Accessories,South,2,1900.88,0.15,3231.49,1029.53,,,
ORD0314,12/30/2025,Customer_030,Mouse,Accessories,South,4,1309.59,0.1,4714.52,1443.62,,,
ORD0315,7/1/2025,Customer_095,Backpack,Accessories,South,3,1903.37,0.05,5424.59,678.25,,,
ORD0316,4/17/2025,Customer_084,Mouse,Accessories,South,5,1117.53,0.05,5308.28,792.96,,,
ORD0317,1/7/2025,Customer_070,Printer,Electronics,East,3,14090.78,0,42272.33,10051.55,,,
ORD0318,6/3/2025,Customer_014,Smartphone,Electronics,North,3,28336.94,0.2,68008.66,9020.36,,,
ORD0319,11/1/2025,Customer_019,Desk,Furniture,East,2,11147.92,0.2,17836.67,3120.86,,,
ORD0320,6/27/2025,Customer_068,Mouse,Accessories,East,5,1163.88,0.1,5237.47,1556.47,,,
ORD0321,3/2/2025,Customer_061,Printer,Electronics,South,1,14171.42,0.15,12045.71,2593.7,,,
ORD0322,7/17/2025,Customer_098,Printer,Electronics,North,3,14581.94,0,43745.81,9243.16,,,
ORD0323,11/26/2025,Customer_098,Printer,Electronics,West,5,14459.73,0,72298.63,20010.95,,,
ORD0324,10/21/2025,Customer_060,Headphones,Electronics,East,5,3353.41,0.1,15090.35,2453.78,,,
ORD0325,10/4/2025,Customer_020,Printer,Electronics,South,3,14801.58,0,44404.74,12421.21,,,
ORD0326,8/2/2025,Customer_092,Office Chair,Furniture,South,4,7998.3,0.1,28793.87,4158.81,,,
ORD0327,9/5/2025,Customer_003,Mouse,Accessories,West,2,1213.92,0.1,2185.05,457.76,,,
ORD0328,3/30/2025,Customer_050,Laptop,Electronics,East,2,50660.21,0.05,96254.4,18157.81,,,
ORD0329,10/24/2025,Customer_036,Headphones,Electronics,North,5,3292.64,0.2,13170.55,2836.07,,,
ORD0330,2/11/2025,Customer_060,Desk,Furniture,West,1,12996.22,0.05,12346.41,2634.65,,,
ORD0331,10/10/2025,Customer_040,Bookshelf,Furniture,South,4,6647.52,0,26590.06,6577.85,,,
ORD0332,6/25/2025,Customer_004,Laptop,Electronics,South,4,51526.47,0.05,195800.6,27647.45,,,
ORD0333,1/16/2025,Customer_001,Bookshelf,Furniture,East,3,6894.68,0.15,17581.45,3849.61,,,
ORD0334,4/12/2025,Customer_095,Backpack,Accessories,East,5,1848.48,0.1,8318.17,2385.73,,,
ORD0335,6/3/2025,Customer_005,Backpack,Accessories,East,3,1653.49,0.1,4464.43,1402.4,,,
ORD0336,12/30/2025,Customer_073,Mouse,Accessories,North,4,1106.58,0.15,3762.37,632.39,,,
ORD0337,10/4/2025,Customer_028,Keyboard,Accessories,West,2,2367.12,0.15,4024.11,864.83,,,
ORD0338,12/4/2025,Customer_058,Printer,Electronics,East,1,12997.52,0.05,12347.65,3092,,,
ORD0339,10/16/2025,Customer_084,Mouse,Accessories,North,1,1193.11,0.15,1014.14,125.94,,,
ORD0340,7/20/2025,Customer_020,Smartphone,Electronics,West,2,25221.38,0.05,47920.61,8801.39,,,
ORD0341,7/10/2025,Customer_021,Laptop,Electronics,East,3,55139.2,0.1,148875.85,38549.59,,,
ORD0342,2/8/2025,Customer_009,Mouse,Accessories,East,5,1262.22,0.05,5995.54,835.05,,,
ORD0343,4/1/2025,Customer_098,Smartphone,Electronics,West,3,28956.1,0.15,73838.06,15351.81,,,
ORD0344,11/30/2025,Customer_084,Bookshelf,Furniture,North,4,6017.5,0.05,22866.51,5429.6,,,
ORD0345,4/20/2025,Customer_051,Mouse,Accessories,East,2,1110.59,0.2,1776.94,317.12,,,
ORD0346,3/4/2025,Customer_073,Printer,Electronics,East,3,12650.42,0.15,32258.57,4110.96,,,
ORD0347,11/13/2025,Customer_036,Backpack,Accessories,West,1,1934.19,0.05,1837.48,546.62,,,
ORD0348,7/22/2025,Customer_053,Laptop,Electronics,East,1,54656.45,0,54656.45,14196.85,,,
ORD0349,9/21/2025,Customer_002,Mouse,Accessories,North,3,1223.71,0.1,3304.03,1014.67,,,
ORD0350,3/3/2025,Customer_048,Bookshelf,Furniture,South,1,6664.03,0.2,5331.22,1139.48,,,
ORD0351,11/21/2025,Customer_048,Headphones,Electronics,West,3,3748.99,0.2,8997.57,1940.87,,,
ORD0352,11/20/2025,Customer_035,Desk,Furniture,North,3,12570.16,0.05,35824.95,7700.65,,,
ORD0353,3/17/2025,Customer_046,Smartphone,Electronics,East,1,29088.92,0,29088.92,8830.19,,,
ORD0354,11/3/2025,Customer_038,Mouse,Accessories,West,3,1186.41,0.15,3025.35,600.78,,,
ORD0355,9/17/2025,Customer_022,Mouse,Accessories,West,5,1242.34,0.1,5590.54,1641.73,,,
ORD0356,9/14/2025,Customer_072,Headphones,Electronics,East,4,3570.46,0.2,11425.46,1956.97,,,
ORD0357,10/10/2025,Customer_008,Bookshelf,Furniture,East,1,5901.7,0,5901.7,1175.53,,,
ORD0358,5/22/2025,Customer_035,Printer,Electronics,West,1,13924.32,0.05,13228.1,2586.04,,,
ORD0359,7/9/2025,Customer_008,Office Chair,Furniture,East,1,7659.36,0.1,6893.42,2195.33,,,
ORD0360,7/11/2025,Customer_062,Office Chair,Furniture,South,4,8436.85,0.05,32060.02,7447.3,,,
ORD0361,12/10/2025,Customer_021,Bookshelf,Furniture,East,1,5963.22,0.05,5665.06,1113.68,,,
ORD0362,11/29/2025,Customer_046,Backpack,Accessories,North,1,1863.15,0,1863.15,579.49,,,
ORD0363,4/19/2025,Customer_012,Laptop,Electronics,North,4,59204.84,0.1,213137.44,39603.37,,,
ORD0364,6/2/2025,Customer_091,Laptop,Electronics,South,5,59994.36,0.1,269974.64,47440.3,,,
ORD0365,5/26/2025,Customer_066,Backpack,Accessories,West,5,1634.6,0.15,6947.05,1012.05,,,
ORD0366,3/25/2025,Customer_097,Laptop,Electronics,West,4,50831.28,0.05,193158.85,45626.14,,,
ORD0367,4/15/2025,Customer_074,Printer,Electronics,South,3,15236.83,0.05,43424.97,8089.44,,,
ORD0368,7/20/2025,Customer_039,Headphones,Electronics,West,3,3501.51,0.1,9454.07,2762.72,,,
ORD0369,12/16/2025,Customer_040,Headphones,Electronics,South,4,3668.69,0.1,13207.27,2826.38,,,
ORD0370,10/28/2025,Customer_079,Laptop,Electronics,South,1,52745.45,0.05,50108.18,11164.1,,,
ORD0371,10/21/2025,Customer_028,Desk,Furniture,North,5,11318.52,0.15,48103.72,10904.08,,,
ORD0372,5/2/2025,Customer_030,Bookshelf,Furniture,West,3,6724.86,0.05,19165.84,5077.49,,,
ORD0373,1/23/2025,Customer_075,Smartphone,Electronics,West,3,28443.89,0.05,81065.09,13629.46,,,
ORD0374,6/16/2025,Customer_034,Printer,Electronics,West,3,14575.64,0.1,39354.23,7175.02,,,
ORD0375,10/2/2025,Customer_029,Desk,Furniture,South,4,12628.58,0,50514.31,6600.76,,,
ORD0376,11/1/2025,Customer_038,Smartphone,Electronics,West,4,27360.9,0,109443.59,17692.21,,,
ORD0377,1/31/2025,Customer_004,Desk,Furniture,North,2,12192.53,0.15,20727.3,4312.57,,,
ORD0378,2/14/2025,Customer_004,Smartphone,Electronics,South,5,30673.73,0.05,145700.23,31124.11,,,
ORD0379,11/11/2025,Customer_015,Bookshelf,Furniture,North,3,6058.03,0.05,17265.39,5444.29,,,
ORD0380,2/4/2025,Customer_087,Printer,Electronics,South,5,13637.11,0.15,57957.72,14201.92,,,
ORD0381,5/6/2025,Customer_017,Office Chair,Furniture,North,2,9322.82,0.15,15848.8,4157.44,,,
ORD0382,12/31/2025,Customer_086,Bookshelf,Furniture,North,4,6471.24,0.2,20707.97,4422.16,,,
ORD0383,9/7/2025,Customer_085,Backpack,Accessories,South,3,1917.65,0.05,5465.31,973.9,,,
ORD0384,10/7/2025,Customer_099,Desk,Furniture,North,4,12107.59,0.15,41165.79,11812.59,,,
ORD0385,12/4/2025,Customer_086,Smartphone,Electronics,North,3,29581.37,0.05,84306.92,14592.21,,,
ORD0386,1/5/2025,Customer_017,Keyboard,Accessories,North,2,2301.56,0.05,4372.96,1269.92,,,
ORD0387,11/6/2025,Customer_045,Office Chair,Furniture,East,3,8658.12,0,25974.37,5199.44,,,
ORD0388,7/3/2025,Customer_020,Bookshelf,Furniture,North,5,6564.12,0.1,29538.54,9111.21,,,
ORD0389,4/18/2025,Customer_052,Printer,Electronics,West,4,15257.51,0.2,48824.04,10615.3,,,
ORD0390,7/22/2025,Customer_064,Bookshelf,Furniture,North,2,6529.18,0.05,12405.44,2573.6,,,
ORD0391,4/2/2025,Customer_051,Headphones,Electronics,East,2,3776.12,0.1,6797.01,1555.18,,,
ORD0392,12/3/2025,Customer_081,Office Chair,Furniture,North,5,9343.41,0.05,44381.19,13674.1,,,
ORD0393,7/8/2025,Customer_031,Laptop,Electronics,East,3,52316.52,0.05,149102.09,46794.5,,,
ORD0394,11/16/2025,Customer_021,Smartphone,Electronics,West,5,30083.47,0,150417.35,32272.76,,,
ORD0395,10/30/2025,Customer_035,Smartphone,Electronics,East,1,26379.95,0.05,25060.95,3220.59,,,
ORD0396,3/6/2025,Customer_036,Smartphone,Electronics,North,2,26849.87,0.15,45644.78,14475.64,,,
ORD0397,7/7/2025,Customer_073,Desk,Furniture,East,1,10813.6,0,10813.6,1433.69,,,
ORD0398,10/17/2025,Customer_046,Laptop,Electronics,South,4,50648.45,0.1,182334.4,43793.07,,,
ORD0399,6/22/2025,Customer_096,Office Chair,Furniture,South,3,7838.7,0.05,22340.29,3537.65,,,
ORD0400,6/11/2025,Customer_016,Headphones,Electronics,South,3,3627.22,0.15,9249.42,2750.9,,,
ORD0401,10/17/2025,Customer_039,Smartphone,Electronics,East,2,28934.38,0.1,52081.89,14467.18,,,
ORD0402,8/21/2025,Customer_030,Keyboard,Accessories,North,3,2236.63,0,6709.9,1016.91,,,
ORD0403,12/3/2025,Customer_055,Desk,Furniture,East,3,12354.76,0.05,35211.07,10401.91,,,
ORD0404,1/14/2025,Customer_050,Printer,Electronics,West,2,14153.04,0.15,24060.17,4633.55,,,
ORD0405,7/24/2025,Customer_059,Office Chair,Furniture,East,5,8589.25,0.15,36504.32,7883.69,,,
ORD0406,9/5/2025,Customer_098,Keyboard,Accessories,East,2,2049.79,0.05,3894.61,559.27,,,
ORD0407,12/15/2025,Customer_026,Mouse,Accessories,South,4,1104.66,0.05,4197.71,1184.56,,,
ORD0408,11/21/2025,Customer_044,Bookshelf,Furniture,North,1,6941.14,0,6941.14,2215.86,,,
ORD0409,4/10/2025,Customer_082,Mouse,Accessories,East,1,1215.6,0,1215.6,178.32,,,
ORD0410,6/28/2025,Customer_037,Headphones,Electronics,North,5,3414.12,0.05,16217.07,2152.58,,,
ORD0411,6/24/2025,Customer_023,Printer,Electronics,North,2,15204.48,0.1,27368.06,4136.69,,,
ORD0412,9/30/2025,Customer_068,Desk,Furniture,East,3,13118.51,0.1,35419.99,5943.21,,,
ORD0413,10/25/2025,Customer_017,Mouse,Accessories,North,1,1267.64,0,1267.64,242.33,,,
ORD0414,9/13/2025,Customer_078,Bookshelf,Furniture,East,4,6468.76,0.15,21993.78,6549.85,,,
ORD0415,4/10/2025,Customer_031,Mouse,Accessories,South,4,1124.65,0.15,3823.79,801.41,,,
ORD0416,4/10/2025,Customer_087,Mouse,Accessories,North,1,1255.32,0.15,1067.02,203.22,,,
ORD0417,1/28/2025,Customer_070,Smartphone,Electronics,West,1,28849.18,0,28849.18,4970.15,,,
ORD0418,9/9/2025,Customer_099,Desk,Furniture,North,4,11278.12,0.1,40601.22,5763.63,,,
ORD0419,2/22/2025,Customer_074,Mouse,Accessories,South,1,1203.81,0,1203.81,320.79,,,
ORD0420,4/21/2025,Customer_017,Desk,Furniture,West,2,11098.48,0,22196.97,5266.71,,,
ORD0421,7/7/2025,Customer_090,Bookshelf,Furniture,South,4,6453.32,0,25813.29,3286.04,,,
ORD0422,4/2/2025,Customer_058,Laptop,Electronics,West,4,52439.78,0.05,199271.16,55006.6,,,
ORD0423,5/14/2025,Customer_007,Bookshelf,Furniture,West,5,6347.35,0,31736.77,7821.63,,,
ORD0424,5/6/2025,Customer_012,Desk,Furniture,West,1,12043.11,0,10838.79,2713.83,,,
ORD0425,6/9/2025,Customer_075,Desk,Furniture,West,4,12910.21,0.1,46476.76,8592.81,,,
ORD0426,4/14/2025,Customer_067,Laptop,Electronics,North,1,51778.04,0.05,49189.14,14241.95,,,
ORD0427,8/6/2025,Customer_004,Mouse,Accessories,South,5,1196.18,0.05,5681.85,968.82,,,
ORD0428,11/27/2025,Customer_015,Keyboard,Accessories,West,1,2213.52,0.05,2102.85,399.14,,,
ORD0429,1/26/2025,Customer_025,Bookshelf,Furniture,South,1,6793.32,0.05,6453.65,1265.26,,,
ORD0430,12/17/2025,Customer_028,Headphones,Electronics,East,3,3519.09,0.2,8445.81,1171.57,,,
ORD0431,2/26/2025,Customer_047,Laptop,Electronics,East,1,53210.74,0.15,45229.13,7915.27,,,
ORD0432,12/27/2025,Customer_075,Mouse,Accessories,West,2,1303.35,0.1,2346.02,517.39,,,
ORD0433,3/2/2025,Customer_021,Bookshelf,Furniture,South,1,6538.56,0.2,5230.85,1420.81,,,
ORD0434,1/3/2025,Customer_094,Desk,Furniture,South,2,11232.74,0.1,20218.93,4615.59,,,
ORD0435,11/27/2025,Customer_077,Keyboard,Accessories,South,4,2276.71,0.15,7740.83,2264.97,,,
ORD0436,11/16/2025,Customer_059,Bookshelf,Furniture,South,1,7086.86,0,7086.86,857.77,,,
ORD0437,11/7/2025,Customer_082,Mouse,Accessories,South,4,1184.88,0.05,4502.54,906.31,,,
ORD0438,9/30/2025,Customer_043,Bookshelf,Furniture,North,4,6801.76,0.15,23125.98,5758.18,,,
ORD0439,12/18/2025,Customer_100,Smartphone,Electronics,East,2,26105.36,0.1,46989.65,10554.81,,,
ORD0440,12/8/2025,Customer_093,Laptop,Electronics,South,3,51289.7,0.1,138482.18,28663.45,,,
ORD0441,9/12/2025,Customer_043,Mouse,Accessories,North,5,1165.69,0,5828.44,785.45,,,
ORD0442,4/1/2025,Customer_022,Keyboard,Accessories,North,2,2353.14,0.05,4470.96,778.97,,,
ORD0443,9/22/2025,Customer_054,Mouse,Accessories,West,5,1238.98,0.05,5885.17,1743.77,,,
ORD0444,11/23/2025,Customer_067,Backpack,Accessories,West,3,1798.08,0.2,4315.4,938.41,,,
ORD0445,12/12/2025,Customer_078,Office Chair,Furniture,North,5,7748.09,0,38740.47,8953.97,,,
ORD0446,11/20/2025,Customer_065,Smartphone,Electronics,South,5,28358.81,0.05,134704.37,33444.98,,,
ORD0447,11/11/2025,Customer_075,Laptop,Electronics,North,2,60218.09,0.15,102370.76,32195.21,,,
ORD0448,8/25/2025,Customer_041,Mouse,Accessories,North,5,1122.05,0,5610.27,822.72,,,
ORD0449,3/17/2025,Customer_026,Office Chair,Furniture,East,5,8607.65,0.1,38734.43,9083.21,,,
ORD0450,2/9/2025,Customer_005,Headphones,Electronics,North,5,3775.87,0.05,17935.36,2344.31,,,
ORD0451,2/10/2025,Customer_019,Office Chair,Furniture,West,2,8575.66,0.15,14578.62,4069.01,,,
ORD0452,7/14/2025,Customer_024,Backpack,Accessories,East,4,1751.17,0.1,6304.2,1645.09,,,
ORD0453,1/4/2025,Customer_067,Keyboard,Accessories,South,5,2320.52,0.1,10442.33,2605.15,,,
ORD0454,3/10/2025,Customer_095,Mouse,Accessories,South,1,1147.79,0.1,1033.01,242.71,,,
ORD0455,12/23/2025,Customer_057,Desk,Furniture,South,1,11799.76,0,11799.76,2542.82,,,
ORD0456,10/30/2025,Customer_068,Keyboard,Accessories,West,5,2081.38,0.05,9886.57,3160.79,,,
ORD0457,12/9/2025,Customer_058,Bookshelf,Furniture,South,3,6814.47,0.1,18399.06,2765.65,,,
ORD0458,2/16/2025,Customer_100,Desk,Furniture,East,1,11451.45,0.05,10878.88,3208.49,,,
ORD0459,10/14/2025,Customer_042,Keyboard,Accessories,South,5,2045.82,0.1,9206.21,2245.05,,,
ORD0460,9/30/2025,Customer_068,Smartphone,Electronics,West,1,28719.23,0.05,27283.27,6101.26,,,
ORD0461,7/10/2025,Customer_089,Office Chair,Furniture,East,1,8602.16,0,8602.16,1409.49,,,
ORD0462,4/6/2025,Customer_039,Office Chair,Furniture,East,1,9056.76,0.15,7698.25,1389.98,,,
ORD0463,11/9/2025,Customer_081,Bookshelf,Furniture,South,1,6012.66,0,6012.66,901.33,,,
ORD0464,9/2/2025,Customer_003,Mouse,Accessories,North,5,1131.21,0,5656.07,1057.52,,,
ORD0465,12/3/2025,Customer_067,Laptop,Electronics,South,4,54288.57,0.1,195438.84,41069.14,,,
ORD0466,3/19/2025,Customer_058,Office Chair,Furniture,North,4,7692.83,0.05,29232.75,4449.24,,,
ORD0467,6/17/2025,Customer_083,Smartphone,Electronics,North,5,28330.29,0,141651.46,31132.5,,,
ORD0468,11/16/2025,Customer_062,Laptop,Electronics,East,5,58989.05,0.1,265450.7,75427.52,,,
ORD0469,4/5/2025,Customer_068,Headphones,Electronics,West,4,3765.54,0.05,14309.05,2264.29,,,
ORD0470,1/7/2025,Customer_078,Backpack,Accessories,West,2,1862.17,0.15,3165.69,508.61,,,
ORD0471,11/24/2025,Customer_097,Backpack,Accessories,North,3,1973.49,0.15,5032.39,978.3,,,
ORD0472,1/5/2025,Customer_057,Desk,Furniture,West,3,11787.97,0,35363.92,4703.44,,,
ORD0473,8/2/2025,Customer_069,Desk,Furniture,East,3,11001.41,0.05,31354.01,7942.21,,,
ORD0474,8/3/2025,Customer_014,Smartphone,Electronics,East,4,29595.23,0.2,94704.72,16412.58,,,
ORD0475,7/21/2025,Customer_057,Headphones,Electronics,West,5,3344.5,0,16722.48,4427.05,,,
ORD0476,11/14/2025,Customer_041,Printer,Electronics,North,5,12888.74,0.2,51554.96,10849.38,,,
ORD0477,3/12/2025,Customer_003,Smartphone,Electronics,South,2,26344.87,0.1,47420.76,10245.69,,,
ORD0478,6/15/2025,Customer_022,Smartphone,Electronics,South,1,28731.92,0.1,25858.73,5432.37,,,
ORD0479,5/28/2025,Customer_019,Backpack,Accessories,West,3,1962.51,0,5887.54,1533.95,,,
ORD0480,7/26/2025,Customer_027,Headphones,Electronics,South,2,3160.58,0.05,6005.1,762.63,,,
ORD0481,2/28/2025,Customer_002,Mouse,Accessories,North,1,1220.05,0.1,1098.05,235.91,,,
ORD0482,11/11/2025,Customer_022,Office Chair,Furniture,East,1,8413.44,0,8413.44,1662.06,,,
ORD0483,10/11/2025,Customer_065,Desk,Furniture,North,3,12300.49,0.1,33211.33,8146.37,,,
ORD0484,3/14/2025,Customer_046,Office Chair,Furniture,South,1,9247.41,0.1,8322.67,2296.25,,,
ORD0485,9/1/2025,Customer_085,Bookshelf,Furniture,East,1,6815.67,0.05,6474.89,1648.45,,,
ORD0486,9/5/2025,Customer_092,Mouse,Accessories,North,4,1276.14,0.15,4338.88,943.51,,,
ORD0487,9/2/2025,Customer_023,Mouse,Accessories,East,1,1251.37,0.05,1188.8,358.69,,,
ORD0488,10/23/2025,Customer_075,Office Chair,Furniture,North,1,8110.37,0.05,7704.85,2084.07,,,
ORD0489,4/4/2025,Customer_048,Smartphone,Electronics,East,3,28543.74,0.05,81349.65,16354.48,,,
ORD0490,3/18/2025,Customer_046,Printer,Electronics,East,2,14904.35,0.15,25337.4,3381.48,,,
ORD0491,7/28/2025,Customer_073,Printer,Electronics,North,1,15365.45,0.05,14597.17,3820.09,,,
ORD0492,7/1/2025,Customer_037,Bookshelf,Furniture,North,3,6199.51,0.1,16738.68,4122.91,,,
ORD0493,7/7/2025,Customer_040,Smartphone,Electronics,West,3,28729.38,0.05,81878.75,22133.73,,,
ORD0494,3/4/2025,Customer_022,Smartphone,Electronics,West,4,29590.33,0,118361.32,27947.72,,,
ORD0495,12/29/2025,Customer_054,Printer,Electronics,West,1,14252.65,0.05,13540.02,3228.93,,,
ORD0496,8/30/2025,Customer_001,Office Chair,Furniture,South,4,8949.55,0,35798.2,8522.33,,,
ORD0497,1/21/2025,Customer_071,Bookshelf,Furniture,East,5,5941.64,0,29708.2,8403.58,,,
ORD0498,10/10/2025,Customer_056,Office Chair,Furniture,South,3,8141.62,0,24424.86,6302.56,,,
ORD0499,6/2/2025,Customer_055,Backpack,Accessories,South,1,1747.36,0.05,1660,256.12,,,
ORD0500,10/22/2025,Customer_080,Backpack,Accessories,North,5,1747.59,0.05,8301.07,1816.88,,,
ORD0501,2/8/2025,Customer_022,Laptop,Electronics,North,5,50354.05,0.15,214004.71,33005.04,,,
ORD0502,11/9/2025,Customer_086,Bookshelf,Furniture,North,5,6939.28,0.1,31226.76,4629.28,,,
ORD0503,2/14/2025,Customer_017,Desk,Furniture,East,5,11723.53,0.1,52755.88,11718.38,,,
ORD0504,5/30/2025,Customer_033,Keyboard,Accessories,South,5,2302.26,0.1,10360.15,2248.29,,,
ORD0505,4/25/2025,Customer_036,Laptop,Electronics,South,3,59198.29,0.1,159835.38,47263.47,,,
ORD0506,9/3/2025,Customer_019,Mouse,Accessories,South,2,1138.88,0.1,2049.99,632.33,,,
ORD0507,1/19/2025,Customer_067,Keyboard,Accessories,South,3,2162.94,0.1,5839.94,1367.78,,,
ORD0508,9/3/2025,Customer_001,Keyboard,Accessories,South,2,2200.05,0,4400.1,1045.5,,,
ORD0509,10/9/2025,Customer_017,Laptop,Electronics,East,5,53209.27,0,266046.36,77534.32,,,
ORD0510,11/5/2025,Customer_065,Desk,Furniture,North,2,11290.36,0.15,19193.61,4192.63,,,
ORD0511,4/27/2025,Customer_032,Laptop,Electronics,South,3,54716.81,0,164150.42,34121.02,,,
ORD0512,3/27/2025,Customer_080,Mouse,Accessories,North,4,1260.63,0.1,4538.28,1030.14,,,
ORD0513,12/5/2025,Customer_019,Headphones,Electronics,South,4,3704.09,0.05,14075.54,3233.73,,,
ORD0514,2/26/2025,Customer_018,Mouse,Accessories,East,5,1083.21,0.05,5145.24,1224.84,,,
ORD0515,4/26/2025,Customer_057,Smartphone,Electronics,North,4,29361.26,0,117445.03,17665.43,,,
ORD0516,8/9/2025,Customer_093,Smartphone,Electronics,East,2,30739.62,0.1,55331.31,15143.64,,,
ORD0517,3/3/2025,Customer_004,Headphones,Electronics,East,3,3410.77,0.05,9720.7,2977.04,,,
ORD0518,8/23/2025,Customer_002,Office Chair,Furniture,South,3,8854.9,0.1,23908.23,7610.64,,,
ORD0519,7/26/2025,Customer_048,Laptop,Electronics,North,1,58349.44,0,58349.44,9653.22,,,
ORD0520,10/22/2025,Customer_096,Office Chair,Furniture,South,1,8979.33,0.1,8081.4,1371.01,,,
ORD0521,2/28/2025,Customer_071,Office Chair,Furniture,West,1,8002.31,0,8002.31,1419.23,,,
ORD0522,10/4/2025,Customer_064,Mouse,Accessories,South,4,1118.08,0.05,4248.72,1140.16,,,
ORD0523,6/19/2025,Customer_061,Office Chair,Furniture,North,2,8725.07,0.1,15705.12,4534.14,,,
ORD0524,8/10/2025,Customer_076,Bookshelf,Furniture,South,3,6629.7,0,19889.11,2937.57,,,
ORD0525,5/26/2025,Customer_062,Laptop,Electronics,West,2,53710.79,0.1,96679.42,15046.59,,,
ORD0526,5/9/2025,Customer_094,Laptop,Electronics,North,1,59829.75,0.05,56838.27,10954.16,,,
ORD0527,3/15/2025,Customer_053,Desk,Furniture,East,2,12371.3,0.05,23505.47,3649.14,,,
ORD0528,9/14/2025,Customer_037,Office Chair,Furniture,East,4,8921.33,0.1,32116.77,9309.96,,,
ORD0529,4/30/2025,Customer_046,Bookshelf,Furniture,South,5,6166.42,0.15,26207.27,5465.07,,,
ORD0530,4/14/2025,Customer_077,Bookshelf,Furniture,South,1,7004.55,0.15,5953.87,1517.89,,,
ORD0531,2/7/2025,Customer_048,Smartphone,Electronics,East,2,29751.2,0.1,53552.15,9566.15,,,
ORD0532,12/31/2025,Customer_091,Office Chair,Furniture,East,4,8921.91,0.05,33903.27,5379.33,,,
ORD0533,10/31/2025,Customer_035,Laptop,Electronics,South,3,53464.7,0,160394.09,26184.71,,,
ORD0534,9/13/2025,Customer_058,Bookshelf,Furniture,East,2,6251.64,0.1,11252.96,3302.42,,,
ORD0535,3/2/2025,Customer_029,Headphones,Electronics,East,5,3560.86,0.15,15133.64,3084.39,,,
ORD0536,2/17/2025,Customer_083,Headphones,Electronics,East,3,3246.9,0.1,8766.64,1790.43,,,
ORD0537,11/11/2025,Customer_005,Keyboard,Accessories,East,3,2130.44,0.15,5432.62,1165.1,,,
ORD0538,6/15/2025,Customer_025,Desk,Furniture,South,4,12866.51,0.05,48892.73,11136.13,,,
ORD0539,10/4/2025,Customer_044,Smartphone,Electronics,North,3,27289.49,0.1,73681.61,9701.04,,,
ORD0540,12/5/2025,Customer_065,Backpack,Accessories,West,1,1970.73,0.1,1773.66,542.81,,,
ORD0541,8/30/2025,Customer_047,Backpack,Accessories,North,4,1693.5,0.05,6435.3,2004.8,,,
ORD0542,7/26/2025,Customer_012,Smartphone,Electronics,West,4,25339.81,0.1,91223.32,26063.7,,,
ORD0543,4/4/2025,Customer_013,Bookshelf,Furniture,North,4,6546.72,0.2,20949.49,4657.09,,,
ORD0544,3/16/2025,Customer_072,Smartphone,Electronics,West,5,28798.43,0.15,122393.35,37242.88,,,
ORD0545,7/28/2025,Customer_084,Keyboard,Accessories,West,3,1993.97,0,5981.9,1407.74,,,
ORD0546,6/4/2025,Customer_053,Backpack,Accessories,East,3,1930.68,0.05,5502.43,785.64,,,
ORD0547,8/27/2025,Customer_095,Keyboard,Accessories,East,1,1993.21,0.2,1594.57,224.08,,,
ORD0548,4/29/2025,Customer_012,Mouse,Accessories,North,5,1160.47,0,5802.33,1778.98,,,
ORD0549,3/12/2025,Customer_058,Laptop,Electronics,South,2,50436.14,0.15,85741.44,20824.92,,,
ORD0550,3/25/2025,Customer_003,Office Chair,Furniture,North,2,7821.66,0.05,14861.16,4257.75,,,
ORD0551,4/3/2025,Customer_094,Mouse,Accessories,West,4,1271.59,0.05,4832.04,1230.96,,,
ORD0552,4/11/2025,Customer_026,Printer,Electronics,South,4,14487.18,0.05,55051.3,16927.56,,,
ORD0553,10/5/2025,Customer_002,Office Chair,Furniture,East,2,9119.92,0.05,17327.85,5008.01,,,
ORD0554,9/23/2025,Customer_040,Backpack,Accessories,West,3,1909.37,0.1,5155.3,1508.29,,,
ORD0555,3/6/2025,Customer_095,Keyboard,Accessories,East,3,2056.67,0,6170,894.15,,,
ORD0556,10/5/2025,Customer_013,Printer,Electronics,North,1,13389.37,0.1,12050.44,2979.33,,,
ORD0557,11/15/2025,Customer_039,Smartphone,Electronics,North,3,28919.53,0.2,69406.87,19444.39,,,
ORD0558,11/29/2025,Customer_080,Laptop,Electronics,North,1,49674.05,0.15,42222.95,9096.85,,,
ORD0559,10/22/2025,Customer_068,Bookshelf,Furniture,East,3,6002.12,0.1,16205.71,2593.83,,,
ORD0560,3/18/2025,Customer_060,Mouse,Accessories,South,5,1276.29,0.15,5424.21,1182.32,,,
ORD0561,7/6/2025,Customer_063,Bookshelf,Furniture,South,4,7062.02,0.2,22598.46,3879.69,,,
ORD0562,9/3/2025,Customer_098,Keyboard,Accessories,West,4,2355.87,0,9423.5,2090.57,,,
ORD0563,1/6/2025,Customer_078,Bookshelf,Furniture,West,5,6576.4,0.1,29593.78,7273.15,,,
ORD0564,10/14/2025,Customer_093,Headphones,Electronics,East,2,3210.91,0.05,6100.73,1272.88,,,
ORD0565,9/7/2025,Customer_084,Desk,Furniture,East,4,11329.21,0.1,40785.16,11271.32,,,
ORD0566,10/3/2025,Customer_077,Bookshelf,Furniture,North,4,6981.87,0,27927.48,4509.76,,,
ORD0567,2/27/2025,Customer_072,Bookshelf,Furniture,South,4,6306.59,0.05,23965.02,7219.34,,,
ORD0568,6/5/2025,Customer_089,Backpack,Accessories,North,3,1947.04,0.05,5549.05,1256.23,,,
ORD0569,1/13/2025,Customer_096,Backpack,Accessories,South,2,1804.65,0.1,3248.37,582.05,,,
ORD0570,12/3/2025,Customer_040,Smartphone,Electronics,East,5,29472.2,0.1,132624.91,41234.35,,,
ORD0571,6/29/2025,Customer_030,Office Chair,Furniture,North,1,8965.04,0.05,8516.79,2515.18,,,
ORD0572,11/27/2025,Customer_098,Mouse,Accessories,West,4,1319.14,0.15,4485.06,721.19,,,
ORD0573,3/13/2025,Customer_027,Mouse,Accessories,South,4,1106.78,0.1,3984.42,790.25,,,
ORD0574,6/20/2025,Customer_095,Laptop,Electronics,North,3,53813.03,0.15,137223.22,23306.83,,,
ORD0575,12/8/2025,Customer_050,Laptop,Electronics,South,2,55723.6,0.1,100302.47,13457.69,,,
ORD0576,8/15/2025,Customer_011,Desk,Furniture,West,5,12059.37,0.15,51252.3,8454.13,,,
ORD0577,6/5/2025,Customer_017,Laptop,Electronics,South,5,56846.55,0.2,227386.19,30323.99,,,
ORD0578,3/9/2025,Customer_086,Headphones,Electronics,South,4,3813.01,0.15,12964.24,1854.26,,,
ORD0579,4/15/2025,Customer_100,Laptop,Electronics,East,3,54511.81,0.05,155358.66,28644.6,,,
ORD0580,10/11/2025,Customer_001,Headphones,Electronics,South,2,3249.58,0.05,6174.2,1589.04,,,
ORD0581,5/17/2025,Customer_016,Smartphone,Electronics,West,1,26240.11,0.15,22304.09,5475.61,,,
ORD0582,4/28/2025,Customer_073,Keyboard,Accessories,South,5,2200.67,0.05,10453.17,2829.34,,,
ORD0583,10/10/2025,Customer_080,Office Chair,Furniture,North,2,8150.25,0,16300.51,4841.91,,,
ORD0584,12/17/2025,Customer_050,Headphones,Electronics,West,4,3324.62,0.15,11303.71,1995.96,,,
ORD0585,3/30/2025,Customer_066,Backpack,Accessories,South,4,1868.78,0.05,7101.36,1886.64,,,
ORD0586,10/21/2025,Customer_015,Headphones,Electronics,South,2,3754.19,0.1,6757.55,1050.81,,,
ORD0587,3/11/2025,Customer_047,Printer,Electronics,East,4,14370.27,0.1,51732.96,10516.22,,,
ORD0588,5/31/2025,Customer_064,Office Chair,Furniture,East,3,9045.67,0.15,23066.45,4767.35,,,
ORD0589,7/22/2025,Customer_061,Keyboard,Accessories,West,2,2394.77,0.1,4310.59,1308.06,,,
ORD0590,8/25/2025,Customer_093,Desk,Furniture,North,2,11913.56,0.1,21444.4,6353.08,,,
ORD0591,1/30/2025,Customer_011,Mouse,Accessories,West,3,1257.33,0.1,3394.79,1064.3,,,
ORD0592,8/8/2025,Customer_094,Backpack,Accessories,North,2,1889.34,0.1,3400.81,706.51,,,
ORD0593,2/21/2025,Customer_089,Backpack,Accessories,West,2,1745.11,0.05,3315.7,1027.64,,,
ORD0594,7/1/2025,Customer_042,Laptop,Electronics,North,5,52281.44,0.1,235266.48,48105.8,,,
ORD0595,1/17/2025,Customer_090,Laptop,Electronics,North,3,53488.16,0.05,152441.25,24216.37,,,
ORD0596,1/14/2025,Customer_072,Laptop,Electronics,North,1,59541.82,0.05,56564.73,11701.11,,,
ORD0597,6/12/2025,Customer_060,Bookshelf,Furniture,South,5,6446.86,0.05,30622.59,7941.75,,,
ORD0598,1/5/2025,Customer_090,Desk,Furniture,West,2,12075.77,0.1,21736.39,6813.67,,,
ORD0599,1/14/2025,Customer_078,Bookshelf,Furniture,North,3,7112.5,0.1,19203.74,3985.97,,,
ORD0600,12/3/2025,Customer_035,Backpack,Accessories,East,4,1840.61,0,7362.43,974.08,,,
ORD0601,11/13/2025,Customer_017,Office Chair,Furniture,East,4,9248.31,0.1,33293.92,10342.52,,,
ORD0602,5/8/2025,Customer_014,Smartphone,Electronics,North,1,29400.16,0.05,27930.15,5967.77,,,
ORD0603,12/12/2025,Customer_028,Office Chair,Furniture,West,3,9192.32,0,27576.97,7962.66,,,
ORD0604,7/20/2025,Customer_045,Smartphone,Electronics,South,3,28013.59,0.05,79838.74,13868.21,,,
ORD0605,10/13/2025,Customer_074,Keyboard,Accessories,South,4,2259.58,0.15,7682.58,1490.7,,,
ORD0606,6/20/2025,Customer_045,Smartphone,Electronics,East,2,27599.36,0.1,49678.86,8629.25,,,
ORD0607,1/6/2025,Customer_032,Desk,Furniture,South,2,11058.27,0.05,21010.72,3495.65,,,
ORD0608,4/22/2025,Customer_063,Smartphone,Electronics,East,2,26927.42,0.1,48469.36,9955.2,,,
ORD0609,12/3/2025,Customer_041,Printer,Electronics,East,3,14550.75,0.1,39287.02,10023.33,,,
ORD0610,9/24/2025,Customer_077,Desk,Furniture,East,3,11760.51,0.15,29989.3,4898.46,,,
ORD0611,1/18/2025,Customer_073,Printer,Electronics,East,3,13135.17,0.2,31524.41,7189.77,,,
ORD0612,8/3/2025,Customer_030,Printer,Electronics,North,3,13775.58,0.15,35127.72,7749.91,,,
ORD0613,11/10/2025,unknown,Smartphone,Electronics,East,5,27676.61,0.1,124544.76,19996.63,,,
ORD0614,4/9/2025,Customer_075,Mouse,Accessories,East,1,1224.59,0.1,1102.13,316.75,,,
ORD0615,3/5/2025,Customer_002,Desk,Furniture,West,5,11531.05,0.15,49006.94,13089.6,,,
ORD0616,8/31/2025,Customer_018,Mouse,Accessories,East,2,1131.29,0.15,1923.19,453.87,,,
ORD0617,8/27/2025,Customer_048,Desk,Furniture,South,3,10827.13,0.1,29233.24,4751.15,,,
ORD0618,3/13/2025,Customer_007,Office Chair,Furniture,East,2,8560.13,0,17120.25,3540.22,,,
ORD0619,9/10/2025,Customer_081,Backpack,Accessories,West,4,1919.65,0.05,7294.67,1158.91,,,
ORD0620,4/28/2025,Customer_093,Office Chair,Furniture,East,5,7802.86,0,39014.29,10976.67,,,
ORD0621,10/12/2025,Customer_067,Desk,Furniture,East,2,12889.52,0.1,23201.14,3902.03,,,
ORD0622,1/27/2025,Customer_055,Office Chair,Furniture,West,4,8622.39,0,34489.57,5480.86,,,
ORD0623,9/29/2025,Customer_018,Office Chair,Furniture,North,1,8263.83,0.05,7850.64,1870.88,,,
ORD0624,11/14/2025,Customer_093,Bookshelf,Furniture,West,4,6288.79,0.1,22639.65,3609.43,,,
ORD0625,2/7/2025,Customer_070,Bookshelf,Furniture,West,4,6236.47,0.15,21204.01,5809.93,,,
ORD0626,12/9/2025,Customer_075,Mouse,Accessories,North,4,1277.84,0.1,4600.24,1106.82,,,
ORD0627,5/17/2025,Customer_095,Bookshelf,Furniture,East,2,7136.68,0,14273.37,4481.78,,,
ORD0628,12/7/2025,Customer_061,Office Chair,Furniture,East,3,8248.07,0,24744.21,4148.73,,,
ORD0629,7/13/2025,Customer_060,Headphones,Electronics,West,5,3454.05,0.1,15543.24,3586.01,,,
ORD0630,12/7/2025,Customer_004,Laptop,Electronics,East,5,52568.32,0.05,249699.51,73452.89,,,
ORD0631,11/17/2025,Customer_047,Printer,Electronics,West,2,13918.66,0.05,26445.45,5859.08,,,
ORD0632,1/19/2025,Customer_026,Desk,Furniture,East,2,12245.93,0.1,22042.67,4798.08,,,
ORD0633,10/10/2025,Customer_054,Keyboard,Accessories,South,2,2352.63,0.1,4234.73,1080.43,,,
ORD0634,10/8/2025,Customer_096,Laptop,Electronics,North,2,54219.69,0.1,97595.43,25844.78,,,
ORD0635,2/11/2025,Customer_047,Printer,Electronics,North,4,13506.69,0.15,45922.76,8623,,,
ORD0636,2/10/2025,Customer_080,Bookshelf,Furniture,South,5,6954.28,0.1,31294.26,9732.54,,,
ORD0637,7/20/2025,Customer_010,Printer,Electronics,West,1,13529.52,0.15,11500.09,2609.75,,,
ORD0638,5/4/2025,Customer_036,Mouse,Accessories,West,2,1195.85,0.15,2032.95,334.44,,,
ORD0639,1/15/2025,Customer_012,Bookshelf,Furniture,North,3,6897.18,0.1,18622.4,4477.26,,,
ORD0640,12/23/2025,Customer_018,Office Chair,Furniture,West,5,8266.68,0,41333.41,8707.33,,,
ORD0641,1/22/2025,Customer_078,Smartphone,Electronics,East,2,26002.38,0.05,49404.51,8747.38,,,
ORD0642,10/21/2025,Customer_067,Office Chair,Furniture,East,1,9073.8,0.05,8620.11,1699.05,,,
ORD0643,7/25/2025,Customer_070,Desk,Furniture,West,4,11106.66,0.05,42205.3,9771.65,,,
ORD0644,1/15/2025,Customer_044,Laptop,Electronics,North,5,50901.06,0.15,216329.52,63762.21,,,
ORD0645,4/14/2025,Customer_078,Mouse,Accessories,East,4,1104.82,0.1,3977.37,952.96,,,
ORD0646,7/9/2025,Customer_087,Laptop,Electronics,West,5,53422.56,0.1,240401.51,64692.94,,,
ORD0647,11/22/2025,Customer_025,Keyboard,Accessories,East,5,2228.93,0.2,8915.71,1935.67,,,
ORD0648,9/4/2025,Customer_001,Bookshelf,Furniture,West,2,6355.34,0.1,11439.62,3110.89,,,
ORD0649,2/23/2025,Customer_090,Backpack,Accessories,West,3,1971.65,0.15,5027.7,1201.9,,,
ORD0650,4/21/2025,Customer_001,Headphones,Electronics,North,4,3718.73,0.1,13387.43,3408.6,,,
ORD0651,6/10/2025,Customer_003,Smartphone,Electronics,West,5,28516.89,0.15,121196.77,21945.01,,,
ORD0652,3/14/2025,Customer_039,Headphones,Electronics,West,5,3635.4,0.1,16359.28,2942.67,,,
ORD0653,7/7/2025,Customer_057,Headphones,Electronics,South,3,3583.42,0.1,9675.24,2734.92,,,
ORD0654,7/19/2025,Customer_042,Office Chair,Furniture,South,5,8045.32,0.1,36203.94,9948.6,,,
ORD0655,7/30/2025,Customer_039,Headphones,Electronics,East,2,3344.49,0.05,6354.53,1052.93,,,
ORD0656,10/2/2025,Customer_064,Backpack,Accessories,South,3,1915.22,0.1,5171.11,1611.75,,,
ORD0657,2/21/2025,Customer_047,Office Chair,Furniture,West,1,9176.49,0.1,8258.84,1305.02,,,
ORD0658,12/24/2025,Customer_012,Backpack,Accessories,East,3,1978.76,0.15,5045.85,907.82,,,
ORD0659,9/26/2025,Customer_089,Headphones,Electronics,North,5,3662.67,0.1,16482.02,2228.01,,,
ORD0660,1/7/2025,Customer_011,Bookshelf,Furniture,West,1,6666.56,0.2,5333.24,713.97,,,
ORD0661,11/9/2025,Customer_026,Bookshelf,Furniture,North,1,6006.58,0.05,5706.25,1158.89,,,
ORD0662,10/13/2025,Customer_092,Bookshelf,Furniture,North,5,6507.71,0.05,30911.63,8890.66,,,
ORD0663,12/24/2025,Customer_047,Headphones,Electronics,North,4,3230.6,0.05,12276.29,1759.75,,,
ORD0664,1/7/2025,Customer_022,Bookshelf,Furniture,North,4,6442,0.05,24479.59,5801.86,,,
ORD0665,11/2/2025,Customer_091,Smartphone,Electronics,West,1,27873.53,0,27873.53,5564.63,,,
ORD0666,5/12/2025,Customer_043,Laptop,Electronics,South,1,56931.83,0,56931.83,17784.52,,,
ORD0667,10/18/2025,Customer_008,Printer,Electronics,North,4,14266.64,0.1,51359.92,7478.9,,,
ORD0668,2/1/2025,Customer_078,Keyboard,Accessories,North,3,2213.19,0.05,6307.58,1162.62,,,
ORD0669,7/6/2025,Customer_031,Smartphone,Electronics,West,4,26003.43,0.05,98813.03,28627.21,,,
ORD0670,5/12/2025,Customer_030,Desk,Furniture,South,1,11565.9,0.1,10409.31,2352.68,,,
ORD0671,3/31/2025,Customer_053,Bookshelf,Furniture,East,3,7040.52,0.1,19009.42,4715.12,,,
ORD0672,8/25/2025,Customer_006,Backpack,Accessories,South,5,1935.05,0,9675.24,1217.26,,,
ORD0673,9/6/2025,Customer_042,Keyboard,Accessories,North,3,2235.48,0.1,6035.81,801.63,,,
ORD0674,9/3/2025,Customer_021,Printer,Electronics,West,5,14330.21,0.1,64485.94,16226.63,,,
ORD0675,6/29/2025,Customer_044,Backpack,Accessories,South,5,1667.58,0.05,7921.03,1837.91,,,
ORD0676,7/5/2025,Customer_033,Smartphone,Electronics,West,3,27772.26,0,83316.77,14128.38,,,
ORD0677,4/3/2025,Customer_088,Printer,Electronics,South,3,14246.4,0.15,36328.32,9059.54,,,
ORD0678,3/26/2025,Customer_055,Smartphone,Electronics,East,4,27810.25,0.15,94554.85,21834.86,,,
ORD0679,5/30/2025,Customer_032,Backpack,Accessories,North,4,1625.16,0.05,6175.6,1385.39,,,
ORD0680,10/22/2025,Customer_015,Backpack,Accessories,East,5,1808.42,0.1,8137.91,2235.04,,,
ORD0681,4/21/2025,Customer_038,Headphones,Electronics,North,3,3320.91,0.1,8966.47,1796.86,,,
ORD0682,6/28/2025,Customer_085,Headphones,Electronics,East,3,3737.4,0.05,10651.6,3098.92,,,
ORD0683,11/23/2025,Customer_015,Keyboard,Accessories,East,5,2068.81,0.2,8275.24,2220.9,,,
ORD0684,1/1/2025,Customer_010,Bookshelf,Furniture,East,2,6553.65,0,13107.3,2501.99,,,
ORD0685,6/3/2025,Customer_078,Keyboard,Accessories,North,1,2054.75,0,2054.75,605.35,,,
ORD0686,1/25/2025,Customer_018,Office Chair,Furniture,South,1,8824.23,0,8824.23,1537.56,,,
ORD0687,6/4/2025,Customer_032,Smartphone,Electronics,East,3,28954.43,0,86863.3,16646.14,,,
ORD0688,11/19/2025,Customer_026,Mouse,Accessories,West,4,1085.33,0.1,3907.2,477.82,,,
ORD0689,12/4/2025,Customer_066,Bookshelf,Furniture,South,5,5976.06,0.05,28386.26,8067.2,,,
ORD0690,4/24/2025,Customer_055,Backpack,Accessories,East,5,1952.08,0.05,9272.36,2832.27,,,
ORD0691,2/14/2025,Customer_044,Headphones,Electronics,West,3,3631.11,0.05,10348.65,1321.28,,,
ORD0692,10/2/2025,Customer_082,Mouse,Accessories,West,1,1314.77,0.05,1249.03,354.5,,,
ORD0693,6/29/2025,Customer_049,Backpack,Accessories,North,4,1828.21,0.05,6947.2,1066.24,,,
ORD0694,11/29/2025,Customer_087,Printer,Electronics,West,3,13764.29,0,41292.88,8683.16,,,
ORD0695,8/24/2025,Customer_055,Bookshelf,Furniture,East,4,6364.8,0.1,22913.28,6722.71,,,
ORD0696,5/14/2025,Customer_023,Bookshelf,Furniture,East,5,6015.84,0.05,28575.25,6806.14,,,
ORD0697,5/26/2025,Customer_087,Backpack,Accessories,East,3,1832.05,0.1,4946.53,654.26,,,
ORD0698,3/29/2025,Customer_047,Laptop,Electronics,West,5,55588.19,0.05,264043.9,54377.89,,,
ORD0699,12/13/2025,Customer_009,Headphones,Electronics,North,2,3180.32,0.05,6042.61,1088.47,,,
ORD0700,12/9/2025,Customer_020,Mouse,Accessories,North,5,1226.43,0.1,5518.92,1227.21,,,
ORD0701,2/27/2025,Customer_041,Bookshelf,Furniture,South,5,6752.22,0,33761.11,9569.58,,,
ORD0702,6/17/2025,Customer_003,Mouse,Accessories,East,5,1085.75,0.1,4885.86,992,,,
ORD0703,12/10/2025,Customer_035,Desk,Furniture,South,3,10874.23,0,32622.7,5778.04,,,
ORD0704,12/11/2025,Customer_016,Laptop,Electronics,South,4,54939.73,0.05,208770.98,61725.42,,,
ORD0705,2/11/2025,Customer_019,Headphones,Electronics,North,3,3357.02,0.1,9063.96,2436.86,,,
ORD0706,2/14/2025,Customer_006,Smartphone,Electronics,North,4,27354.5,0.1,98476.21,22925.36,,,
ORD0707,1/30/2025,Customer_018,Printer,Electronics,West,1,12845.81,0,12845.81,3669.2,,,
ORD0708,6/17/2025,Customer_009,Keyboard,Accessories,North,4,2246.13,0.05,8535.29,2069.89,,,
ORD0709,11/4/2025,Customer_069,Mouse,Accessories,East,2,1084.83,0.15,1844.22,533.43,,,
ORD0710,9/17/2025,Customer_042,Desk,Furniture,North,4,12926.19,0.15,43949.06,6890.52,,,
ORD0711,9/13/2025,Customer_009,Printer,Electronics,South,5,15063.31,0.05,71550.71,22191.87,,,
ORD0712,5/21/2025,Customer_012,Desk,Furniture,North,3,11131.5,0.05,31724.78,4700.9,,,
ORD0713,11/8/2025,Customer_060,Printer,Electronics,East,4,14728.02,0.1,53020.86,13651.83,,,
ORD0714,8/11/2025,Customer_089,Backpack,Accessories,East,5,1729.22,0.15,7349.18,1202.49,,,
ORD0715,1/13/2025,Customer_092,Smartphone,Electronics,South,4,25932.02,0.05,98541.66,18295.07,,,
ORD0716,7/11/2025,Customer_069,Backpack,Accessories,East,3,1773.89,0.05,5055.58,965.39,,,
ORD0717,8/4/2025,Customer_068,Bookshelf,Furniture,East,3,6530.43,0,19591.29,2658.49,,,
ORD0718,12/24/2025,Customer_100,Mouse,Accessories,East,4,1283.07,0.15,4362.44,1236.48,,,
ORD0719,3/13/2025,Customer_082,Headphones,Electronics,West,1,3490.32,0,3490.32,1040.8,,,
ORD0720,6/4/2025,Customer_010,Office Chair,Furniture,South,3,8164.19,0.15,20818.69,3086.59,,,
ORD0721,5/6/2025,Customer_025,Office Chair,Furniture,East,1,7815.76,0.15,6643.4,992.09,,,
ORD0722,3/16/2025,Customer_038,Laptop,Electronics,North,3,50819.48,0.1,137212.6,35344.21,,,
ORD0723,11/11/2025,Customer_072,Headphones,Electronics,East,2,3627.86,0,7255.71,1979.91,,,
ORD0724,7/19/2025,Customer_056,Office Chair,Furniture,South,3,9327.16,0.15,23784.25,4767.13,,,
ORD0725,10/10/2025,Customer_001,Office Chair,Furniture,East,3,7937.06,0.15,20239.5,6259.53,,,
ORD0726,6/27/2025,Customer_063,Bookshelf,Furniture,West,4,6916.72,0,27666.87,5109.27,,,
ORD0727,2/17/2025,Customer_096,Desk,Furniture,East,1,11945.28,0.05,11348.02,1831.43,,,
ORD0728,4/5/2025,Customer_017,Office Chair,Furniture,West,3,8790.72,0.15,22416.34,4048.28,,,
ORD0729,12/1/2025,Customer_079,Keyboard,Accessories,South,4,2159.42,0,8637.69,1232.8,,,
ORD0730,12/27/2025,Customer_098,Smartphone,Electronics,West,4,29093.05,0.05,110553.59,21455.61,,,
ORD0731,1/1/2025,Customer_034,Keyboard,Accessories,South,5,1984.71,0,9923.57,2095.35,,,
ORD0732,7/11/2025,Customer_025,Mouse,Accessories,South,5,1185.76,0.1,5335.92,768.46,,,
ORD0733,2/25/2025,Customer_094,Keyboard,Accessories,North,3,2012.28,0.05,5735,1074.57,,,
ORD0734,11/2/2025,Customer_043,Office Chair,Furniture,North,5,9039.96,0.05,42939.81,6054.03,,,
ORD0735,3/22/2025,Customer_089,Printer,Electronics,North,2,14450.24,0.15,24565.4,4193.99,,,
ORD0736,7/20/2025,Customer_069,Desk,Furniture,South,4,11703.4,0,46813.58,9636.47,,,
ORD0737,10/5/2025,Customer_034,Mouse,Accessories,East,2,1299.6,0,2599.2,393.06,,,
ORD0738,4/7/2025,Customer_001,Bookshelf,Furniture,West,3,6791.24,0,20373.71,2734.93,,,
ORD0739,6/10/2025,Customer_028,Office Chair,Furniture,South,4,7774.11,0.05,29541.6,5057.35,,,
ORD0740,12/28/2025,Customer_088,Mouse,Accessories,West,4,1105.93,0.15,3760.15,1028.3,,,
ORD0741,6/20/2025,Customer_039,Laptop,Electronics,North,5,54474.23,0,272371.14,46897.33,,,
ORD0742,9/7/2025,Customer_098,Printer,Electronics,South,1,15024.9,0.15,12771.16,4061.46,,,
ORD0743,3/11/2025,unknown,Office Chair,Furniture,South,3,8195.23,0.15,20897.84,4336.6,,,
ORD0744,11/30/2025,Customer_009,Laptop,Electronics,East,4,58932.84,0.2,188585.08,56674.84,,,
ORD0745,11/24/2025,Customer_065,Printer,Electronics,South,3,12651.17,0,37953.51,5282.1,,,
ORD0746,11/15/2025,Customer_057,Laptop,Electronics,East,1,50250.05,0.05,47737.55,13489.45,,,
ORD0747,2/11/2025,Customer_098,Headphones,Electronics,North,5,3783.71,0.15,16080.76,3560.42,,,
ORD0748,4/20/2025,Customer_056,Smartphone,Electronics,unknown,2,26994.25,0.05,51289.07,14727.28,,,
ORD0749,11/4/2025,Customer_085,Headphones,Electronics,North,3,3164.53,0.05,9018.91,1513.58,,,
ORD0750,1/16/2025,Customer_061,Bookshelf,Furniture,South,5,6469.48,0,32347.42,5577.47,,,
ORD0751,6/20/2025,Customer_017,Keyboard,Accessories,North,2,2318.55,0.1,4173.4,555.23,,,
ORD0752,7/25/2025,Customer_078,Backpack,Accessories,West,4,1801.34,0.1,6484.81,935.87,,,
ORD0753,5/20/2025,Customer_070,Backpack,Accessories,South,3,1689.94,0.1,4562.83,1052.01,,,
ORD0754,7/30/2025,Customer_018,Mouse,Accessories,South,4,1108.37,0.1,3990.14,956.44,,,
ORD0755,4/7/2025,Customer_079,Laptop,Electronics,West,2,52370.1,0.05,99503.2,12545.05,,,
ORD0756,4/7/2025,Customer_080,Backpack,Accessories,East,3,1670.83,0.15,4260.62,712.79,,,
ORD0757,2/3/2025,Customer_097,Bookshelf,Furniture,North,5,6665.97,0.05,31663.36,8916.3,,,
ORD0758,4/15/2025,Customer_001,Mouse,Accessories,North,3,1247.17,0.15,3180.3,429.93,,,
ORD0759,5/6/2025,Customer_060,Office Chair,Furniture,North,2,8663.99,0,17327.99,2722.63,,,
ORD0760,7/23/2025,Customer_056,Laptop,Electronics,West,2,56735.42,0.2,90776.67,18801.75,,,
ORD0761,5/10/2025,Customer_036,Mouse,Accessories,South,3,1126.36,0.1,3041.17,686.51,,,
ORD0762,7/22/2025,Customer_074,Backpack,Accessories,North,5,1866.19,0.05,8864.42,2791.67,,,
ORD0763,4/30/2025,Customer_097,Desk,Furniture,unknown,3,11285.16,0,33855.48,7140.19,,,
ORD0764,5/17/2025,Customer_068,Keyboard,Accessories,North,5,2154.8,0.15,9157.9,2480.78,,,
ORD0765,12/7/2025,Customer_021,Laptop,Electronics,South,5,55897.21,0.1,251537.43,44537.43,,,
ORD0766,7/31/2025,Customer_045,Backpack,Accessories,South,5,1812.44,0.1,8155.99,2291.08,,,
ORD0767,2/16/2025,Customer_009,Laptop,Electronics,North,1,50763.97,0.15,43149.37,13774.69,,,
ORD0768,6/23/2025,Customer_092,Desk,Furniture,North,3,11969.72,0,35909.17,6525.3,,,
ORD0769,3/17/2025,Customer_049,Smartphone,Electronics,West,5,30336.44,0,151682.18,31745.3,,,
ORD0770,12/22/2025,Customer_007,Headphones,Electronics,South,3,3733.06,0.1,10079.25,1238.2,,,
ORD0771,4/28/2025,Customer_080,Office Chair,Furniture,West,5,8408.12,0.1,37836.56,11956.18,,,
ORD0772,3/12/2025,Customer_078,Printer,Electronics,East,5,14333.77,0.05,68085.42,15247.13,,,
ORD0773,7/31/2025,Customer_063,Printer,Electronics,East,2,13957.13,0.1,25122.84,7904.31,,,
ORD0774,10/13/2025,Customer_049,Office Chair,Furniture,West,4,9277.13,0.1,33397.67,7834.39,,,
ORD0775,8/24/2025,Customer_026,Printer,Electronics,North,4,14331.21,0.1,51592.37,9486.06,,,
ORD0776,12/3/2025,Customer_048,Office Chair,Furniture,West,2,8258.53,0,16517.07,4183.24,,,
ORD0777,10/23/2025,Customer_066,Smartphone,Electronics,West,4,30456.8,0.15,103553.13,22939.87,,,
ORD0778,7/11/2025,Customer_100,Office Chair,Furniture,South,3,8752.39,0.05,24944.31,7640.74,,,
ORD0779,3/12/2025,Customer_096,Smartphone,Electronics,West,4,28639.15,0.15,97373.1,24814.08,,,
ORD0780,3/10/2025,Customer_011,Headphones,Electronics,East,4,3211.69,0.15,10919.76,1797.83,,,
ORD0781,4/3/2025,Customer_070,Headphones,Electronics,North,2,3702.32,0.1,6664.17,1973.78,,,
ORD0782,4/16/2025,Customer_088,Printer,Electronics,North,5,14942.29,0.1,67240.29,12044.95,,,
ORD0783,6/18/2025,Customer_010,Headphones,Electronics,South,2,3519.31,0.15,5982.83,1604.71,,,
ORD0784,12/25/2025,Customer_004,Laptop,Electronics,South,1,58427.29,0.1,52584.56,11755.03,,,
ORD0785,1/19/2025,Customer_002,Smartphone,Electronics,West,2,30230.79,0.1,54415.42,11071.51,,,
ORD0786,5/20/2025,Customer_073,Laptop,Electronics,South,2,51612.26,0.1,92902.06,17341.37,,,
ORD0787,7/31/2025,Customer_008,Keyboard,Accessories,West,2,2208.5,0.05,4196.15,1176.97,,,
ORD0788,12/8/2025,Customer_021,Printer,Electronics,West,4,14996.8,0.1,53988.49,9178.54,,,
ORD0789,10/21/2025,Customer_061,Smartphone,Electronics,West,4,28013.28,0.15,95245.16,24232.58,,,
ORD0790,2/20/2025,Customer_038,Bookshelf,Furniture,West,4,5903.21,0.15,20070.93,6223.35,,,
ORD0791,2/26/2025,Customer_039,Headphones,Electronics,West,2,3386.09,0.1,6094.96,1731.46,,,
ORD0792,10/31/2025,Customer_042,Laptop,Electronics,East,3,57751.69,0.1,155929.55,35651.18,,,
ORD0793,11/27/2025,Customer_023,Printer,Electronics,South,1,12773.45,0.1,11496.11,2352.54,,,
ORD0794,8/20/2025,Customer_033,Mouse,Accessories,North,4,1171.89,0.05,4453.19,784.58,,,
ORD0795,9/3/2025,Customer_018,Smartphone,Electronics,South,2,27402.26,0,54804.53,10777.72,,,
ORD0796,6/26/2025,Customer_011,Keyboard,Accessories,South,5,2081.8,0.15,8847.64,2115.93,,,
ORD0797,11/20/2025,Customer_042,Printer,Electronics,East,2,14282.22,0.15,24279.77,4366.15,,,
ORD0798,7/27/2025,Customer_065,Smartphone,Electronics,West,5,26328.2,0.05,125058.94,33385.52,,,
ORD0799,1/5/2025,Customer_026,Keyboard,Accessories,South,2,2193.68,0,4387.36,603,,,
ORD0800,7/5/2025,Customer_076,Bookshelf,Furniture,South,5,6136.41,0.05,29147.97,6323.33,,,
ORD0801,10/9/2025,Customer_090,Smartphone,Electronics,West,5,29091.54,0.15,123639.06,39303.59,,,
ORD0802,11/26/2025,Customer_052,Backpack,Accessories,North,4,1677.81,0.15,5704.57,1212.4,,,
ORD0803,9/20/2025,Customer_040,Mouse,Accessories,West,5,1282.79,0.05,6093.27,1369.37,,,
ORD0804,1/26/2025,Customer_061,Headphones,Electronics,North,4,3481.91,0.1,12534.88,3445.11,,,
ORD0805,5/31/2025,Customer_016,Backpack,Accessories,South,5,1710.91,0.05,8126.83,1880.83,,,
ORD0806,9/13/2025,Customer_097,Office Chair,Furniture,West,5,7664.92,0.05,36408.38,8868.11,,,
ORD0807,4/9/2025,Customer_069,Mouse,Accessories,South,4,1232.29,0.05,4682.72,916.7,,,
ORD0808,3/16/2025,Customer_042,Smartphone,Electronics,South,5,27933.46,0.05,132683.93,20882.78,,,
ORD0809,9/13/2025,Customer_051,Office Chair,Furniture,South,5,8841.37,0.05,41996.53,7010.76,,,
ORD0810,1/4/2025,Customer_095,Mouse,Accessories,South,5,1138.14,0.05,5406.17,1509.96,,,
ORD0811,1/9/2025,Customer_061,Keyboard,Accessories,North,4,2145.97,0.2,6867.1,1096.21,,,
ORD0812,4/15/2025,Customer_078,Smartphone,Electronics,West,3,26425.12,0.15,67384.06,17166.49,,,
ORD0813,4/26/2025,Customer_069,Mouse,Accessories,South,5,1150.01,0.05,5462.53,738.2,,,
ORD0814,12/13/2025,Customer_088,Printer,Electronics,East,1,13593.43,0,13593.43,3262.47,,,
ORD0815,2/28/2025,Customer_073,Printer,Electronics,West,2,14461.27,0.1,26030.29,6146.61,,,
ORD0816,8/27/2025,Customer_031,Backpack,Accessories,East,2,1667.18,0.15,2834.21,454.95,,,
ORD0817,3/21/2025,Customer_057,Keyboard,Accessories,East,3,2357.01,0.1,6363.92,1442.22,,,
ORD0818,4/24/2025,Customer_049,Office Chair,Furniture,West,4,8936.78,0.05,33959.75,6186.64,,,
ORD0819,12/9/2025,Customer_053,Backpack,Accessories,West,5,1935.99,0.05,9195.95,2567.52,,,
ORD0820,2/6/2025,Customer_077,Backpack,Accessories,East,4,1764.61,0.05,6705.52,1471.53,,,
ORD0821,1/7/2025,Customer_044,Smartphone,Electronics,North,4,29568.27,0.05,112359.42,25356.68,,,
ORD0822,2/11/2025,Customer_041,Office Chair,Furniture,North,3,8233.15,0.15,20994.52,2569.21,,,
ORD0823,5/8/2025,Customer_051,Backpack,Accessories,North,5,1711.71,0.05,8130.62,2029.59,,,
ORD0824,8/1/2025,Customer_049,Keyboard,Accessories,North,1,2104,0.1,1893.6,536.15,,,
ORD0825,10/23/2025,Customer_038,Laptop,Electronics,East,5,51576.73,0,257883.67,61148.94,,,
ORD0826,8/9/2025,Customer_043,Headphones,Electronics,North,4,3228.35,0.1,11622.08,2302.32,,,
ORD0827,3/12/2025,Customer_058,Office Chair,Furniture,East,2,8516.42,0.05,16181.19,2236.68,,,
ORD0828,7/1/2025,Customer_025,Desk,Furniture,West,4,13108.94,0.15,44570.4,9725.63,,,
ORD0829,12/19/2025,Customer_065,Desk,Furniture,North,5,11478.12,0.1,51651.54,13646.25,,,
ORD0830,5/7/2025,Customer_055,Headphones,Electronics,West,2,3207.8,0.1,5774.04,1669.25,,,
ORD0831,7/17/2025,Customer_077,Office Chair,Furniture,North,4,8165.47,0,32661.89,4137.88,,,
ORD0832,4/28/2025,Customer_063,Backpack,Accessories,South,1,1911.85,0,1911.85,249.16,,,
ORD0833,3/4/2025,Customer_062,Printer,Electronics,West,3,12639.75,0.1,34127.33,9162.29,,,
ORD0834,3/22/2025,Customer_039,Headphones,Electronics,West,1,3757.02,0.05,3569.17,459.82,,,
ORD0835,7/15/2025,Customer_088,Keyboard,Accessories,North,5,2036.86,0,10184.29,3141.36,,,
ORD0836,2/26/2025,Customer_083,Mouse,Accessories,West,4,1246.79,0.1,4488.45,973.84,,,
ORD0837,5/9/2025,Customer_079,Smartphone,Electronics,West,1,29776.27,0.15,25309.83,8029.99,,,
ORD0838,7/30/2025,Customer_076,Mouse,Accessories,West,4,1270.56,0.05,4828.14,988.33,,,
ORD0839,11/11/2025,Customer_096,Laptop,Electronics,South,5,55049.53,0.05,261485.28,70033.64,,,
ORD0840,8/8/2025,Customer_018,Backpack,Accessories,East,4,1924.13,0.1,6926.86,2106.31,,,
ORD0841,9/11/2025,Customer_034,Backpack,Accessories,East,1,1932.47,0.1,1739.23,353.72,,,
ORD0842,7/20/2025,Customer_072,Office Chair,Furniture,East,2,8096.22,0,16192.45,3299.32,,,
ORD0843,6/16/2025,Customer_084,Headphones,Electronics,West,3,3509.77,0.1,9476.38,1724.47,,,
ORD0844,10/6/2025,Customer_048,Mouse,Accessories,West,4,1206.26,0.05,4583.8,836.3,,,
ORD0845,12/17/2025,Customer_012,Bookshelf,Furniture,South,4,6030.66,0.15,20504.24,3496.8,,,
ORD0846,5/26/2025,Customer_066,Desk,Furniture,South,4,11542.73,0,46170.91,5772.25,,,
ORD0847,9/9/2025,Customer_034,Printer,Electronics,South,1,14507.59,0.05,13782.21,2436.74,,,
ORD0848,3/19/2025,Customer_070,Smartphone,Electronics,South,5,26381.43,0.1,118716.44,18006.39,,,
ORD0849,2/20/2025,Customer_067,Desk,Furniture,North,2,13050.78,0.05,24796.49,4576.71,,,
ORD0850,1/17/2025,Customer_052,Laptop,Electronics,South,5,50882.08,0.1,228969.35,60002.43,,,
ORD0851,10/4/2025,Customer_024,Headphones,Electronics,South,5,3155.17,0.1,14198.28,3097.68,,,
ORD0852,6/25/2025,Customer_054,Office Chair,Furniture,East,3,8405.47,0.05,23955.6,6212.73,,,
ORD0853,5/21/2025,Customer_027,Keyboard,Accessories,South,4,2020.25,0.05,7676.97,1310.3,,,
ORD0854,9/6/2025,Customer_077,Laptop,Electronics,West,4,50169.96,0.05,190645.85,34256.57,,,
ORD0855,4/17/2025,Customer_055,Smartphone,Electronics,East,4,30050.9,0,120203.62,27786.65,,,
ORD0856,2/8/2025,Customer_013,Headphones,Electronics,North,4,3658.91,0.05,13903.87,2522.38,,,
ORD0857,2/26/2025,Customer_040,Mouse,Accessories,South,5,1207.56,0.1,5434,1241.17,,,
ORD0858,4/27/2025,Customer_056,Headphones,Electronics,South,3,3512.8,0.05,10011.47,1757.58,,,
ORD0859,11/23/2025,Customer_066,Printer,Electronics,South,4,12743.26,0.1,45875.75,12543.73,,,
ORD0860,7/18/2025,Customer_039,Mouse,Accessories,North,4,1141.95,0.05,4339.39,985.92,,,
ORD0861,8/2/2025,Customer_084,Bookshelf,Furniture,North,5,6657.44,0.05,31622.83,8210.55,,,
ORD0862,4/24/2025,Customer_005,Laptop,Electronics,East,5,57912.54,0.05,275084.56,73416.9,,,
ORD0863,3/20/2025,Customer_042,Smartphone,Electronics,East,5,27995.44,0.15,118980.64,31017.36,,,
ORD0864,1/2/2025,Customer_094,Smartphone,Electronics,North,1,28476.2,0,28476.2,6330.02,,,
ORD0865,5/28/2025,Customer_024,Mouse,Accessories,North,3,1184.56,0.15,3020.63,888.62,,,
ORD0866,2/22/2025,Customer_059,Printer,Electronics,South,5,13320.94,0,66604.71,19506.37,,,
ORD0867,12/17/2025,Customer_019,Desk,Furniture,North,4,12803.94,0.1,46094.17,8201.52,,,
ORD0868,3/5/2025,unknown,Bookshelf,Furniture,West,5,6417.79,0,32088.93,7290.6,,,
ORD0869,4/12/2025,Customer_046,Laptop,Electronics,South,2,51953.11,0,103906.22,24773.4,,,
ORD0870,10/18/2025,Customer_031,Office Chair,Furniture,West,3,9144.85,0.1,24691.1,5361.79,,,
ORD0871,2/20/2025,Customer_002,Backpack,Accessories,South,1,1778.09,0.15,1511.37,471.56,,,
ORD0872,1/10/2025,Customer_076,Printer,Electronics,West,5,13898.14,0.15,59067.1,9636.55,,,
ORD0873,8/6/2025,Customer_061,Bookshelf,Furniture,North,5,7114.34,0,35571.69,8821.35,,,
ORD0874,5/24/2025,Customer_001,Printer,Electronics,West,4,13560.54,0,54242.18,10122.29,,,
ORD0875,11/7/2025,Customer_021,Desk,Furniture,South,3,12938,0.15,32991.89,7594.48,,,
ORD0876,6/23/2025,Customer_089,Bookshelf,Furniture,East,3,6168.05,0.15,15728.53,3707.84,,,
ORD0877,12/7/2025,Customer_064,Keyboard,Accessories,West,1,2064.7,0.1,1858.23,556.77,,,
ORD0878,9/22/2025,Customer_015,Office Chair,Furniture,South,2,8724.2,0.1,15703.55,3369.83,,,
ORD0879,2/6/2025,Customer_086,Printer,Electronics,East,2,13122.45,0.1,23620.41,6669.31,,,
ORD0880,6/15/2025,Customer_031,Backpack,Accessories,South,1,1626.3,0.15,1382.35,428.81,,,
ORD0881,3/31/2025,Customer_029,Desk,Furniture,East,1,11481.74,0.1,10333.57,1250.83,,,
ORD0882,2/11/2025,Customer_007,Laptop,Electronics,South,3,57371.83,0.15,146298.16,26715.76,,,
ORD0883,5/9/2025,Customer_087,Office Chair,Furniture,South,1,7870.76,0,7870.76,1454.21,,,
ORD0884,11/10/2025,Customer_070,Printer,Electronics,North,4,13520,0.05,51375.99,10252.01,,,
ORD0885,10/20/2025,Customer_020,Smartphone,Electronics,East,2,29872.97,0.1,53771.34,16602.29,,,
ORD0886,4/26/2025,Customer_094,Keyboard,Accessories,North,4,2118.23,0.1,7625.63,979.18,,,
ORD0887,11/29/2025,Customer_065,Headphones,Electronics,West,3,3584.86,0.05,10216.85,3171.15,,,
ORD0888,2/28/2025,Customer_081,Printer,Electronics,East,3,13222.39,0.2,31733.74,8834,,,
ORD0889,3/9/2025,Customer_043,Bookshelf,Furniture,North,1,6932.5,0.05,6585.88,1457.58,,,
ORD0890,6/27/2025,Customer_087,Headphones,Electronics,East,5,3354.57,0.2,13418.3,3502.67,,,
ORD0891,6/25/2025,Customer_079,Backpack,Accessories,South,3,1936.35,0.05,5518.59,1548.88,,,
ORD0892,11/29/2025,Customer_001,Mouse,Accessories,West,4,1244.15,0.1,4478.95,1262.86,,,
ORD0893,8/5/2025,Customer_080,Keyboard,Accessories,South,3,2020.93,0.05,5759.64,1677.36,,,
ORD0894,4/19/2025,Customer_053,Headphones,Electronics,West,1,3446.44,0,3446.44,791.05,,,
ORD0895,6/18/2025,Customer_018,Office Chair,Furniture,South,4,9046.5,0.15,30758.1,7664.52,,,
ORD0896,10/12/2025,Customer_054,Smartphone,Electronics,South,5,25506.28,0.05,121154.84,38341.39,,,
ORD0897,2/18/2025,Customer_002,Desk,Furniture,West,1,12166.79,0.15,10341.77,1587.69,,,
ORD0898,1/2/2025,Customer_041,Laptop,Electronics,East,3,50949.88,0.05,145207.14,20705.3,,,
ORD0899,9/4/2025,Customer_012,Desk,Furniture,East,2,12313.52,0.05,23395.7,5473.93,,,
ORD0900,3/10/2025,Customer_045,Desk,Furniture,South,1,11878.26,0,11878.26,1566.75,,,
ORD0901,7/4/2025,Customer_029,Mouse,Accessories,North,1,1096.15,0.05,1041.34,277.41,,,
ORD0902,12/15/2025,Customer_004,Smartphone,Electronics,South,1,29228.57,0.05,27767.14,8729.32,,,
ORD0903,4/24/2025,Customer_062,Smartphone,Electronics,South,1,30229.62,0,30229.62,4017.97,,,
ORD0904,4/22/2025,Customer_089,Bookshelf,Furniture,North,5,7036.39,0.1,31663.74,9009.28,,,
ORD0905,10/20/2025,Customer_008,Bookshelf,Furniture,West,5,6711.72,0.05,31880.66,4045.98,,,
ORD0906,8/22/2025,Customer_032,Smartphone,Electronics,North,4,30735.55,0.1,110647.97,27787.95,,,
ORD0907,10/13/2025,Customer_009,Headphones,Electronics,South,2,3721.17,0.05,7070.22,1727.52,,,
ORD0908,10/27/2025,Customer_035,Smartphone,Electronics,East,3,27530.5,0.1,74332.35,21310.51,,,
ORD0909,1/31/2025,Customer_047,Backpack,Accessories,South,1,1671.7,0,1671.7,314.97,,,
ORD0910,9/13/2025,Customer_056,Smartphone,Electronics,East,5,27696.97,0.15,117712.1,20986.1,,,
ORD0911,2/24/2025,Customer_067,Mouse,Accessories,North,2,1096.97,0.1,1974.54,489.08,,,
ORD0912,7/7/2025,Customer_058,Headphones,Electronics,North,2,3751.25,0.1,6752.25,1695.13,,,
ORD0913,5/26/2025,Customer_085,Printer,Electronics,West,4,14292.05,0.05,54309.8,10535.9,,,
ORD0914,4/24/2025,Customer_030,Keyboard,Accessories,West,4,2364.36,0,9457.42,2579.09,,,
ORD0915,10/2/2025,Customer_005,Smartphone,Electronics,East,1,26277.14,0.2,21021.71,3710.87,,,
ORD0916,7/9/2025,Customer_083,Keyboard,Accessories,West,3,1988.79,0,5966.36,1209.26,,,
ORD0917,8/17/2025,Customer_083,Smartphone,Electronics,North,2,29379.95,0.1,52883.91,15383.75,,,
ORD0918,6/26/2025,Customer_026,Backpack,Accessories,North,2,1746.62,0,3493.24,810.31,,,
ORD0919,1/18/2025,Customer_030,Bookshelf,Furniture,South,5,6553.61,0,32768.05,10139.04,,,
ORD0920,5/14/2025,Customer_046,Backpack,Accessories,South,1,1794.92,0.05,1705.17,352.68,,,
ORD0921,11/26/2025,Customer_017,Bookshelf,Furniture,East,2,6612.11,0.1,11901.79,2636.56,,,
ORD0922,5/31/2025,Customer_048,Printer,Electronics,East,2,14368.32,0.1,25862.98,5467.74,,,
ORD0923,7/2/2025,Customer_009,Keyboard,Accessories,East,2,2181.83,0.15,3709.11,1052.18,,,
ORD0924,10/18/2025,Customer_003,Office Chair,Furniture,East,2,9237.09,0.15,15703.05,2096.04,,,
ORD0925,11/19/2025,Customer_082,Printer,Electronics,East,3,13399.13,0.1,36177.65,7338.21,,,
ORD0926,5/9/2025,Customer_091,Mouse,Accessories,West,4,1311.48,0.2,4196.73,1100.02,,,
ORD0927,1/24/2025,Customer_099,Smartphone,Electronics,South,4,27053.12,0,108212.49,29254.44,,,
ORD0928,5/23/2025,Customer_060,Office Chair,Furniture,East,3,8010.54,0.1,21628.45,5887.27,,,
ORD0929,3/5/2025,Customer_002,Printer,Electronics,West,1,15062.3,0,15062.3,1911.08,,,
ORD0930,7/14/2025,Customer_078,Backpack,Accessories,West,2,1917.16,0.1,3450.89,1003.1,,,
ORD0931,10/21/2025,Customer_087,Mouse,Accessories,North,1,1231.94,0,1231.94,172.71,,,
ORD0932,2/13/2025,Customer_100,Mouse,Accessories,West,1,1307.32,0.05,1241.95,296.46,,,
ORD0933,7/23/2025,Customer_066,Laptop,Electronics,West,3,59801.43,0,179404.28,27788.47,,,
ORD0934,8/4/2025,Customer_031,Bookshelf,Furniture,North,5,7087.94,0.05,33667.71,10437.93,,,
ORD0935,5/10/2025,Customer_027,Backpack,Accessories,East,5,1813.13,0.2,7252.52,1591.74,,,
ORD0936,12/15/2025,Customer_020,Smartphone,Electronics,East,5,25274.37,0.15,107416.09,22728.92,,,
ORD0937,6/18/2025,Customer_067,Bookshelf,Furniture,North,4,6504.19,0.1,23415.07,3909.62,,,
ORD0938,11/9/2025,Customer_035,Laptop,Electronics,West,3,51843.39,0.15,132200.64,26234.47,,,
ORD0939,11/5/2025,Customer_084,Desk,Furniture,East,2,11407.68,0.1,20533.82,3270.24,,,
ORD0940,11/28/2025,Customer_077,Desk,Furniture,North,1,12112.6,0,12112.6,2552.74,,,
ORD0941,10/30/2025,Customer_044,Printer,Electronics,North,1,12854.02,0,12854.02,3437.95,,,
ORD0942,1/15/2025,Customer_036,Keyboard,Accessories,North,2,2251.12,0,4502.24,575.54,,,
ORD0943,1/4/2025,Customer_090,Desk,Furniture,North,1,12725.4,0.1,11452.86,2782.8,,,
ORD0944,9/27/2025,Customer_079,Backpack,Accessories,North,3,1872.13,0,5616.38,944.82,,,
ORD0945,7/5/2025,Customer_014,Laptop,Electronics,North,1,54719.99,0,54719.99,13554.28,,,
ORD0946,8/26/2025,Customer_033,Office Chair,Furniture,East,3,8229.64,0.1,22220.04,3530.91,,,
ORD0947,1/19/2025,Customer_091,Keyboard,Accessories,South,2,2391.2,0.1,4304.16,752.31,,,
ORD0948,12/10/2025,Customer_085,Headphones,Electronics,East,5,3540.21,0.1,15930.94,1980.75,,,
ORD0949,9/29/2025,Customer_099,Printer,Electronics,South,5,13459.85,0.05,63934.27,20009.39,,,
ORD0950,9/30/2025,Customer_032,Keyboard,Accessories,North,4,2275.84,0.05,8648.19,2198.78,,,
ORD0951,11/13/2025,Customer_038,Bookshelf,Furniture,East,3,6117.78,0.1,16518.02,2942.53,,,
ORD0952,8/25/2025,Customer_026,Office Chair,Furniture,North,1,9257.02,0.1,8331.32,1137.93,,,
ORD0953,8/12/2025,Customer_017,Printer,Electronics,South,2,13129.16,0.05,24945.4,6576.62,,,
ORD0954,12/13/2025,Customer_025,Keyboard,Accessories,East,4,2066.23,0,8264.93,1084.74,,,
ORD0955,8/15/2025,Customer_064,Office Chair,Furniture,West,2,9204.98,0,18409.96,4073.96,,,
ORD0956,8/23/2025,Customer_063,Office Chair,Furniture,East,2,7993.54,0.1,14388.37,4287.52,,,
ORD0957,4/11/2025,Customer_037,Laptop,Electronics,East,4,50766.71,0.1,182760.17,36986.05,,,
ORD0958,8/2/2025,Customer_050,Smartphone,Electronics,South,3,25300.96,0,75902.89,22735.46,,,
ORD0959,5/3/2025,Customer_008,Backpack,Accessories,North,3,1787.89,0.15,4559.13,1129.15,,,
ORD0960,7/10/2025,Customer_076,Desk,Furniture,East,2,12029.43,0,24058.85,5353.7,,,
ORD0961,1/15/2025,Customer_083,Desk,Furniture,West,4,11286.9,0.1,40632.82,6943.11,,,
ORD0962,5/21/2025,Customer_069,Bookshelf,Furniture,West,5,6241.53,0,31207.64,8432.45,,,
ORD0963,5/26/2025,Customer_097,Keyboard,Accessories,West,1,2229.27,0.05,2117.8,402.58,,,
ORD0964,8/2/2025,Customer_078,Headphones,Electronics,East,1,3735.51,0,3735.51,812.89,,,
ORD0965,12/3/2025,Customer_096,Office Chair,Furniture,East,4,8191.99,0,32767.96,6596.21,,,
ORD0966,10/7/2025,Customer_034,Laptop,Electronics,West,3,52325.13,0,156975.39,47327.56,,,
ORD0967,7/18/2025,Customer_023,Bookshelf,Furniture,North,1,5971.72,0.15,5075.96,654.74,,,
ORD0968,10/11/2025,Customer_082,Smartphone,Electronics,South,3,25706.35,0.1,69407.13,9052.68,,,
ORD0969,4/10/2025,Customer_005,Smartphone,Electronics,North,4,27980.49,0,111921.95,33054.61,,,
ORD0970,10/20/2025,Customer_098,Laptop,Electronics,East,2,53532.06,0,107064.13,26265.97,,,
ORD0971,2/22/2025,Customer_004,Keyboard,Accessories,South,4,2146.88,0.15,7299.41,2266.87,,,
ORD0972,11/19/2025,Customer_095,Smartphone,Electronics,East,4,28439.96,0.05,108071.84,14884.91,,,
ORD0973,11/19/2025,Customer_087,Printer,Electronics,East,2,14403.8,0.15,24486.45,4648.88,,,
ORD0974,1/9/2025,Customer_048,Backpack,Accessories,East,5,1699.59,0.05,8073.03,1405.98,,,
ORD0975,4/18/2025,Customer_025,Smartphone,Electronics,East,1,29665.56,0,29665.56,5220.48,,,
ORD0976,9/12/2025,Customer_028,Backpack,Accessories,North,3,1764.12,0,5292.36,1111.53,,,
ORD0977,9/15/2025,Customer_076,Laptop,Electronics,South,2,55216.54,0.05,104911.42,29572.93,,,
ORD0978,9/15/2025,Customer_073,Bookshelf,Furniture,East,3,7019.37,0.05,20005.19,2637.17,,,
ORD0979,12/23/2025,Customer_060,Smartphone,Electronics,North,5,28508.85,0.1,128289.83,24305.07,,,
ORD0980,9/14/2025,Customer_033,Bookshelf,Furniture,South,4,6895.02,0.1,24822.06,5416.74,,,
ORD0981,5/17/2025,Customer_087,Keyboard,Accessories,East,5,2215.6,0,11078.02,3356.32,,,
ORD0982,7/9/2025,Customer_055,Smartphone,Electronics,South,5,29110.69,0.2,116442.77,30419.64,,,
ORD0983,8/23/2025,Customer_035,Keyboard,Accessories,North,2,2324.49,0.05,4416.52,1022.29,,,
ORD0984,8/24/2025,Customer_017,Bookshelf,Furniture,North,5,6327.54,0.05,30055.83,6456.31,,,
ORD0985,7/5/2025,Customer_085,Office Chair,Furniture,North,5,9236.8,0.05,43874.81,7690.95,,,
ORD0986,10/29/2025,Customer_008,Printer,Electronics,South,3,14128.1,0.1,38145.87,9464.57,,,
ORD0987,6/26/2025,Customer_049,Mouse,Accessories,North,1,1243.82,0.05,1181.63,172.17,,,
ORD0988,12/26/2025,Customer_001,Bookshelf,Furniture,West,4,6166.06,0.1,22197.82,3796.93,,,
ORD0989,6/29/2025,Customer_031,Bookshelf,Furniture,South,4,6714.26,0.15,22828.5,6824.72,,,
ORD0990,8/13/2025,Customer_058,Backpack,Accessories,North,4,1932.55,0.15,6570.68,1558.39,,,
ORD0991,3/3/2025,Customer_090,Backpack,Accessories,West,4,1673.57,0,6694.28,1103.39,,,
ORD0992,12/11/2025,Customer_024,Mouse,Accessories,West,1,1154.69,0.15,981.48,273.04,,,
ORD0993,5/23/2025,Customer_095,Laptop,Electronics,West,2,54510.12,0,103569.23,21083.7,,,
ORD0994,8/12/2025,Customer_014,Laptop,Electronics,East,4,56269.97,0.15,191317.88,53848.67,,,
ORD0995,12/29/2025,Customer_054,Mouse,Accessories,North,5,1219.55,0.1,5487.97,715.88,,,
ORD0996,3/8/2025,Customer_062,Mouse,Accessories,North,3,1190.31,0.05,3392.38,659.14,,,
ORD0997,2/21/2025,Customer_091,Backpack,Accessories,North,5,1773.64,0.15,7537.99,1434.12,,,
ORD0998,5/16/2025,Customer_023,Laptop,Electronics,West,2,55675.82,0.05,105784.06,15887.84,,,
ORD0999,1/20/2025,Customer_016,Printer,Electronics,North,5,15070.84,0.1,67818.76,18941.63,,,
ORD1000,11/28/2025,Customer_017,Headphones,Electronics,East,5,3673.67,0.05,17449.95,4857.1,,,
,,,,,,,,,,,,,
,,,,,,,,,,,,,12/31/2025
